d,n_neighbors,min_dist,min_cluster_size,min_samples
7,32,0.20233660638332368,31,21
14,74,0.17713807821273805,33,10
23,15,0.3130151148885489,6,9
9,57,0.08821403048932552,60,25
11,22,0.14891494810581207,52,29
21,50,0.27411270737648014,14,5
17,38,0.034988611564040185,40,14
4,67,0.3597904529422522,25,17
3,12,0.00035497583448886874,18,13
18,62,0.3751629147678614,46,23
19,29,0.11416382417082788,20,25
13,79,0.28935547396540645,45,8
10,44,0.34694073237478734,39,5
22,64,0.07213356234133243,27,27
16,27,0.23613558039069177,53,20
6,47,0.16094317361712457,11,16
5,24,0.38762820027768613,41,26
15,48,0.012827133759856224,23,9
21,41,0.2769512176513672,51,11
9,65,0.101752707362175,15,21
12,30,0.05960647724568844,8,18
19,76,0.33440831266343596,58,14
18,13,0.1735312879085541,30,6
3,59,0.24872904121875763,34,29
4,38,0.18956293389201165,55,7
16,70,0.21475458964705468,9,24
20,21,0.0757525596767664,37,22
11,53,0.3005605045706034,29,12
8,19,0.26152993366122246,22,15
23,55,0.13633750900626182,44,18
14,36,0.3723366115242243,16,27
6,72,0.047529423609375954,48,3
6,16,0.1188476711511612,36,17
13,58,0.29404662251472474,30,13
23,33,0.008170741423964501,57,5
8,75,0.3829721536487341,7,28
11,40,0.22832597196102145,14,25
20,68,0.15312777757644655,50,8
16,23,0.34225074015557766,23,11
4,51,0.06744855903089046,42,20
2,28,0.3208312038332224,49,16
17,78,0.09602293707430364,17,19
19,11,0.20702088102698327,43,28
12,61,0.1818288080394268,21,4
10,26,0.030298275128006938,28,8
22,46,0.3551057849079371,37,24
14,43,0.14110490903258324,9,23
5,63,0.2662977509200573,56,12
5,42,0.08356833122670651,25,30
15,66,0.30836973749101165,41,6
23,25,0.19424678683280946,12,14
10,49,0.21944573223590852,52,18
13,14,0.3676466014236212,59,22
20,60,0.04284443818032742,5,11
18,31,0.2537203073501587,34,9
3,77,0.12852213084697725,32,26
4,20,0.28163551017642025,11,4
17,52,0.10644341930747032,55,27
21,37,0.3954443071037531,26,19
11,69,0.020636022463440897,38,15
9,34,0.16572124287486079,45,12
24,71,0.24091409072279932,19,22
14,17,0.054916134849190716,48,24
7,55,0.3297236505895853,18,7
7,22,0.06994541883468629,54,13
14,51,0.3451370805501938,12,17
24,40,0.15923716090619566,38,29
9,69,0.2340451117604971,26,5
12,34,0.37960944771766664,20,8
21,75,0.004417029023170471,45,26
17,16,0.2935151901096106,19,20
4,57,0.11870800815522671,47,10
3,43,0.2711374077945948,40,19
18,64,0.1463363353163004,25,16
20,25,0.357309489697218,51,4
13,46,0.03211097344756127,13,28
10,10,0.18080928064882756,6,24
22,61,0.20561111010611058,59,8
15,28,0.09158620759844781,32,13
6,79,0.3167839549481869,34,23
5,32,0.13383824788033963,17,6
15,77,0.25864618085324764,49,30
22,14,0.044548031687736515,21,18
9,59,0.3697396755218506,43,15
12,25,0.21812065206468106,36,11
19,48,0.1933134760707617,28,21
17,43,0.3042133837938309,56,26
2,66,0.0790209710597992,10,10
3,17,0.3326962076127529,31,27
16,54,0.05749768540263176,35,3
21,35,0.2465225998312235,7,15
11,72,0.17172152139246466,57,19
8,37,0.01696852669119835,50,22
23,70,0.3921662919223309,14,12
13,19,0.10619312562048436,42,7
6,52,0.2809949729591608,24,24
7,39,0.3526187717914582,8,10
13,68,0.027426686882972718,56,20
23,21,0.2633285131305456,28,25
8,50,0.13852023445069792,38,9
10,14,0.09940115213394166,44,5
20,56,0.32459400594234467,22,29
16,32,0.1854939367622137,48,17
4,75,0.2103014584630728,16,14
3,27,0.15142793394625187,23,23
18,46,0.2262293342500925,42,13
19,45,0.06525428220629692,15,7
12,65,0.34045322164893155,51,25
9,29,0.2982001814991236,58,28
22,80,0.12339801229536534,8,4
15,11,0.3874248318374157,35,16
5,62,0.01222664937376976,29,20
6,12,0.23871369920670987,47,9
15,58,0.16390542648732664,17,27
22,31,0.32800548374652866,46,21
10,76,0.05281340479850769,20,11
12,42,0.11087779961526395,27,14
19,65,0.2856853034347296,39,18
18,23,0.024783489108085633,10,29
3,47,0.3999763250350952,54,6
5,36,0.03985687717795372,33,23
17,73,0.36505583450198176,31,7
21,18,0.1260290030390024,60,12
11,55,0.2508304212242365,6,22
8,20,0.31202877387404443,13,18
24,53,0.08683058544993401,53,16
14,38,0.22280564941465855,24,3
7,71,0.19800347425043585,40,27
