run_id,seed,secs,recovered,d,n_neighbors,min_dist,min_cluster_size,min_samples,accepted,n_clusters,noise_ratio,silhouette,adjusted
0,42,2.7,0,7,32,0.20233660638332368,31,21,True,84,0.3929,0.2013,0.1222
1,42,2.5,0,14,74,0.17713807821273805,33,10,True,79,0.3883,0.197,0.1205
0,1337,1.9,0,7,32,0.20233660638332368,31,21,True,79,0.3683,0.1942,0.1227
0,2026,1.9,0,7,32,0.20233660638332368,31,21,True,84,0.396,0.2046,0.1236
0,7,1.7,0,7,32,0.20233660638332368,31,21,False,86,0.4003,nan,nan
0,99,1.8,0,7,32,0.20233660638332368,31,21,False,89,0.4061,nan,nan
1,1337,2.2,0,14,74,0.17713807821273805,33,10,True,84,0.3724,0.1967,0.1235
1,2026,2.2,0,14,74,0.17713807821273805,33,10,True,82,0.3994,0.2077,0.1247
1,7,1.9,0,14,74,0.17713807821273805,33,10,False,88,0.4117,nan,nan
1,99,2.2,0,14,74,0.17713807821273805,33,10,True,79,0.3796,0.1999,0.124
2,42,2.5,0,23,15,0.3130151148885489,6,9,False,301,0.402,nan,nan
2,1337,2.9,0,23,15,0.3130151148885489,6,9,True,285,0.3752,0.2129,0.133
2,2026,2.6,0,23,15,0.3130151148885489,6,9,False,305,0.403,nan,nan
2,7,2.7,0,23,15,0.3130151148885489,6,9,True,285,0.3835,0.2206,0.136
2,99,2.8,0,23,15,0.3130151148885489,6,9,True,300,0.3976,0.2193,0.1321
3,42,2.0,0,9,57,0.08821403048932552,60,25,True,53,0.3856,0.1805,0.1109
3,1337,2.0,0,9,57,0.08821403048932552,60,25,True,46,0.3511,0.175,0.1136
3,2026,1.8,0,9,57,0.08821403048932552,60,25,False,55,0.4076,nan,nan
3,7,2.0,0,9,57,0.08821403048932552,60,25,True,54,0.3918,0.1904,0.1158
3,99,2.0,0,9,57,0.08821403048932552,60,25,False,54,0.4158,nan,nan
4,42,1.9,0,11,22,0.14891494810581207,52,29,True,57,0.3607,0.1867,0.1193
4,1337,2.0,0,11,22,0.14891494810581207,52,29,True,59,0.3982,0.1971,0.1186
4,2026,1.9,0,11,22,0.14891494810581207,52,29,True,56,0.3699,0.1898,0.1196
4,7,1.9,0,11,22,0.14891494810581207,52,29,True,62,0.3869,0.19,0.1165
4,99,1.8,0,11,22,0.14891494810581207,52,29,False,63,0.4228,nan,nan
5,42,2.3,0,21,50,0.27411270737648014,14,5,True,196,0.3924,0.2147,0.1305
5,1337,2.3,0,21,50,0.27411270737648014,14,5,True,181,0.3787,0.2094,0.1301
5,2026,2.3,0,21,50,0.27411270737648014,14,5,True,189,0.3965,0.2103,0.1269
5,7,2.3,0,21,50,0.27411270737648014,14,5,True,187,0.384,0.2119,0.1305
5,99,2.3,0,21,50,0.27411270737648014,14,5,True,188,0.3684,0.2021,0.1276
6,42,2.3,0,17,38,0.034988611564040185,40,14,True,90,0.345,0.1847,0.121
6,1337,2.3,0,17,38,0.034988611564040185,40,14,True,85,0.3466,0.1897,0.1239
6,2026,2.2,0,17,38,0.034988611564040185,40,14,True,82,0.3439,0.1861,0.1221
6,7,2.8,0,17,38,0.034988611564040185,40,14,True,80,0.3199,0.1825,0.1242
6,99,2.5,0,17,38,0.034988611564040185,40,14,True,86,0.3533,0.1953,0.1263
7,42,2.0,0,4,67,0.3597904529422522,25,17,False,78,0.448,nan,nan
7,1337,1.7,0,4,67,0.3597904529422522,25,17,False,82,0.4699,nan,nan
7,2026,1.7,0,4,67,0.3597904529422522,25,17,False,74,0.4413,nan,nan
7,7,1.6,0,4,67,0.3597904529422522,25,17,False,77,0.4578,nan,nan
7,99,2.1,0,4,67,0.3597904529422522,25,17,True,11,0.0014,0.0686,0.0685
8,42,1.9,0,3,12,0.00035497583448886874,18,13,True,202,0.2535,0.1658,0.1238
8,1337,1.8,0,3,12,0.00035497583448886874,18,13,True,199,0.2494,0.1662,0.1247
8,2026,1.8,0,3,12,0.00035497583448886874,18,13,True,201,0.2773,0.1718,0.1242
8,7,1.8,0,3,12,0.00035497583448886874,18,13,True,200,0.2809,0.1738,0.125
8,99,1.8,0,3,12,0.00035497583448886874,18,13,True,192,0.2628,0.1706,0.1257
9,42,2.5,0,18,62,0.3751629147678614,46,23,True,7,0.007,0.0786,0.0781
9,1337,2.5,0,18,62,0.3751629147678614,46,23,True,7,0.0069,0.0787,0.0782
9,2026,2.6,0,18,62,0.3751629147678614,46,23,True,7,0.0069,0.0787,0.0782
9,7,2.5,0,18,62,0.3751629147678614,46,23,True,7,0.0069,0.0787,0.0782
9,99,3.4,0,18,62,0.3751629147678614,46,23,True,7,0.0044,0.0782,0.0779
10,42,2.3,0,19,29,0.11416382417082788,20,25,True,111,0.383,0.2024,0.1249
10,1337,2.2,0,19,29,0.11416382417082788,20,25,True,110,0.3913,0.2051,0.1249
10,2026,2.2,0,19,29,0.11416382417082788,20,25,True,114,0.3883,0.2081,0.1273
10,7,2.3,0,19,29,0.11416382417082788,20,25,False,116,0.4067,nan,nan
10,99,2.2,0,19,29,0.11416382417082788,20,25,True,113,0.3922,0.2073,0.126
11,42,2.7,0,13,79,0.28935547396540645,45,8,True,8,0.0058,0.0801,0.0796
11,1337,2.5,0,13,79,0.28935547396540645,45,8,True,7,0.0069,0.0755,0.075
11,2026,2.2,0,13,79,0.28935547396540645,45,8,True,64,0.3942,0.1896,0.1149
11,7,2.4,0,13,79,0.28935547396540645,45,8,True,7,0.0069,0.0759,0.0754
11,99,2.7,0,13,79,0.28935547396540645,45,8,True,7,0.0047,0.0795,0.0791
12,42,2.3,0,10,44,0.34694073237478734,39,5,True,9,0.0036,0.0721,0.0718
12,1337,2.0,0,10,44,0.34694073237478734,39,5,True,85,0.3647,0.1903,0.1209
12,2026,2.6,0,10,44,0.34694073237478734,39,5,True,9,0.0046,0.0726,0.0723
12,7,2.4,0,10,44,0.34694073237478734,39,5,True,9,0.0036,0.0721,0.0719
12,99,1.8,0,10,44,0.34694073237478734,39,5,False,81,0.4006,nan,nan
13,42,3.7,0,22,64,0.07213356234133243,27,27,True,83,0.3535,0.1865,0.1206
13,1337,3.8,0,22,64,0.07213356234133243,27,27,True,91,0.3951,0.2108,0.1275
13,2026,3.3,0,22,64,0.07213356234133243,27,27,True,87,0.3846,0.2062,0.1269
13,7,4.6,0,22,64,0.07213356234133243,27,27,True,83,0.3779,0.2006,0.1248
13,99,4.3,0,22,64,0.07213356234133243,27,27,True,84,0.3343,0.1778,0.1183
14,42,7.0,0,16,27,0.23613558039069177,53,20,False,59,0.4123,nan,nan
14,1337,7.3,0,16,27,0.23613558039069177,53,20,True,13,0.0315,0.0641,0.062
14,2026,6.1,0,16,27,0.23613558039069177,53,20,False,57,0.4004,nan,nan
14,7,8.2,0,16,27,0.23613558039069177,53,20,False,61,0.4112,nan,nan
14,99,2.2,0,16,27,0.23613558039069177,53,20,True,54,0.3704,0.1855,0.1168
15,42,4.4,0,6,47,0.16094317361712457,11,16,False,161,0.4333,nan,nan
15,1337,3.7,0,6,47,0.16094317361712457,11,16,True,147,0.3913,0.2106,0.1282
15,2026,8.3,0,6,47,0.16094317361712457,11,16,False,156,0.4209,nan,nan
15,7,1.7,0,6,47,0.16094317361712457,11,16,False,151,0.4122,nan,nan
15,99,2.6,0,6,47,0.16094317361712457,11,16,False,158,0.4277,nan,nan
16,42,5.2,0,5,24,0.38762820027768613,41,26,True,8,0.0079,0.0657,0.0652
16,1337,6.1,0,5,24,0.38762820027768613,41,26,True,8,0.0076,0.0656,0.0651
16,2026,9.6,0,5,24,0.38762820027768613,41,26,True,8,0.0079,0.0657,0.0652
16,7,7.9,0,5,24,0.38762820027768613,41,26,True,8,0.0078,0.0656,0.0651
16,99,9.4,0,5,24,0.38762820027768613,41,26,True,8,0.0081,0.0658,0.0653
17,42,6.4,0,15,48,0.012827133759856224,23,9,True,128,0.3089,0.1886,0.1303
17,1337,7.4,0,15,48,0.012827133759856224,23,9,True,133,0.3026,0.1859,0.1297
17,2026,3.3,0,15,48,0.012827133759856224,23,9,True,136,0.3119,0.1886,0.1298
17,7,7.1,0,15,48,0.012827133759856224,23,9,True,133,0.3191,0.1843,0.1255
17,99,6.3,0,15,48,0.012827133759856224,23,9,True,126,0.3087,0.1901,0.1314
18,42,7.2,0,21,41,0.2769512176513672,51,11,False,66,0.4078,nan,nan
18,1337,4.7,0,21,41,0.2769512176513672,51,11,True,7,0.0071,0.0784,0.0779
18,2026,6.2,0,21,41,0.2769512176513672,51,11,True,67,0.3966,0.1939,0.117
18,7,3.2,0,21,41,0.2769512176513672,51,11,True,8,0.0036,0.0802,0.0799
18,99,2.7,0,21,41,0.2769512176513672,51,11,True,7,0.0071,0.0784,0.0779
19,42,3.8,0,9,65,0.101752707362175,15,21,True,109,0.3832,0.2067,0.1275
19,1337,3.8,0,9,65,0.101752707362175,15,21,False,120,0.4346,nan,nan
19,2026,3.4,0,9,65,0.101752707362175,15,21,True,111,0.3862,0.208,0.1277
19,7,3.0,0,9,65,0.101752707362175,15,21,True,111,0.3932,0.2107,0.1278
19,99,3.3,0,9,65,0.101752707362175,15,21,False,119,0.4339,nan,nan
20,42,3.0,0,12,30,0.05960647724568844,8,18,True,170,0.3685,0.204,0.1288
20,1337,6.3,0,12,30,0.05960647724568844,8,18,True,168,0.3657,0.2041,0.1295
20,2026,5.0,0,12,30,0.05960647724568844,8,18,True,170,0.3679,0.2063,0.1304
20,7,5.8,0,12,30,0.05960647724568844,8,18,True,168,0.3783,0.2091,0.13
20,99,2.8,0,12,30,0.05960647724568844,8,18,True,167,0.3675,0.2047,0.1295
21,42,3.3,0,19,76,0.33440831266343596,58,14,True,6,0.0101,0.0778,0.077
21,1337,2.7,0,19,76,0.33440831266343596,58,14,True,6,0.0124,0.0767,0.0757
21,2026,2.6,0,19,76,0.33440831266343596,58,14,True,6,0.0123,0.077,0.0761
21,7,7.3,0,19,76,0.33440831266343596,58,14,True,6,0.0101,0.0778,0.077
21,99,4.0,0,19,76,0.33440831266343596,58,14,True,6,0.0123,0.077,0.0761
22,42,2.7,0,18,13,0.1735312879085541,30,6,True,126,0.2974,0.1781,0.1251
22,1337,5.8,0,18,13,0.1735312879085541,30,6,True,130,0.2918,0.1732,0.1226
22,2026,3.4,0,18,13,0.1735312879085541,30,6,True,124,0.2983,0.1108,0.0777
22,7,3.8,0,18,13,0.1735312879085541,30,6,True,126,0.3183,0.1802,0.1228
22,99,3.4,0,18,13,0.1735312879085541,30,6,True,116,0.2927,0.1711,0.121
23,42,3.8,0,3,59,0.24872904121875763,34,29,False,64,0.4234,nan,nan
23,1337,3.7,0,3,59,0.24872904121875763,34,29,True,55,0.3844,0.1909,0.1175
23,2026,2.4,0,3,59,0.24872904121875763,34,29,False,64,0.4368,nan,nan
23,7,3.5,0,3,59,0.24872904121875763,34,29,False,65,0.4545,nan,nan
23,99,1.8,0,3,59,0.24872904121875763,34,29,False,64,0.4319,nan,nan
24,42,4.3,0,4,38,0.18956293389201165,55,7,True,59,0.3614,0.1761,0.1125
24,1337,5.0,0,4,38,0.18956293389201165,55,7,True,68,0.3665,0.1815,0.115
24,2026,5.0,0,4,38,0.18956293389201165,55,7,True,61,0.3518,0.1771,0.1148
24,7,2.0,0,4,38,0.18956293389201165,55,7,True,61,0.3399,0.1716,0.1133
24,99,2.0,0,4,38,0.18956293389201165,55,7,True,63,0.3529,0.1793,0.116
25,42,4.6,0,16,70,0.21475458964705468,9,24,False,95,0.4409,nan,nan
25,1337,3.5,0,16,70,0.21475458964705468,9,24,False,95,0.4445,nan,nan
25,2026,2.1,0,16,70,0.21475458964705468,9,24,False,95,0.4357,nan,nan
25,7,1.9,0,16,70,0.21475458964705468,9,24,False,97,0.4296,nan,nan
25,99,2.0,0,16,70,0.21475458964705468,9,24,False,101,0.4638,nan,nan
26,42,2.3,0,20,21,0.0757525596767664,37,22,True,91,0.3709,0.194,0.122
26,1337,2.3,0,20,21,0.0757525596767664,37,22,True,83,0.3483,0.1854,0.1208
26,2026,3.2,0,20,21,0.0757525596767664,37,22,True,95,0.3725,0.1984,0.1245
26,7,2.9,0,20,21,0.0757525596767664,37,22,True,93,0.3656,0.1937,0.1229
26,99,3.5,0,20,21,0.0757525596767664,37,22,True,90,0.3532,0.192,0.1242
27,42,3.1,0,11,53,0.3005605045706034,29,12,True,11,0.0014,0.0702,0.0701
27,1337,4.9,0,11,53,0.3005605045706034,29,12,True,11,0.0014,0.0687,0.0686
27,2026,2.4,0,11,53,0.3005605045706034,29,12,True,79,0.3652,0.1891,0.1201
27,7,3.1,0,11,53,0.3005605045706034,29,12,True,11,0.0014,0.0694,0.0693
27,99,3.1,0,11,53,0.3005605045706034,29,12,True,11,0.0014,0.0694,0.0693
28,42,2.4,0,8,19,0.26152993366122246,22,15,True,121,0.3723,0.2022,0.1269
28,1337,2.9,0,8,19,0.26152993366122246,22,15,True,128,0.3781,0.209,0.13
28,2026,4.5,0,8,19,0.26152993366122246,22,15,True,133,0.3833,0.209,0.1289
28,7,5.0,0,8,19,0.26152993366122246,22,15,True,126,0.3701,0.2016,0.127
28,99,3.9,0,8,19,0.26152993366122246,22,15,True,129,0.3801,0.2046,0.1268
29,42,3.3,0,23,55,0.13633750900626182,44,18,True,73,0.3683,0.1845,0.1166
29,1337,5.3,0,23,55,0.13633750900626182,44,18,True,72,0.38,0.1928,0.1195
29,2026,4.7,0,23,55,0.13633750900626182,44,18,True,65,0.3607,0.1807,0.1155
29,7,3.1,0,23,55,0.13633750900626182,44,18,True,69,0.3652,0.1829,0.1161
29,99,3.4,0,23,55,0.13633750900626182,44,18,True,68,0.3639,0.1831,0.1164
30,42,5.9,0,14,36,0.3723366115242243,16,27,True,12,0.0027,0.0784,0.0782
30,1337,4.3,0,14,36,0.3723366115242243,16,27,True,11,0.0028,0.0658,0.0656
30,2026,4.6,0,14,36,0.3723366115242243,16,27,True,11,0.0025,0.0656,0.0654
30,7,6.2,0,14,36,0.3723366115242243,16,27,True,11,0.0028,0.0658,0.0656
30,99,3.8,0,14,36,0.3723366115242243,16,27,True,11,0.0025,0.0656,0.0655
31,42,3.5,0,6,72,0.047529423609375954,48,3,True,85,0.2813,0.163,0.1172
31,1337,3.9,0,6,72,0.047529423609375954,48,3,True,79,0.3025,0.1729,0.1206
31,2026,2.4,0,6,72,0.047529423609375954,48,3,True,80,0.3169,0.179,0.1223
31,7,2.2,0,6,72,0.047529423609375954,48,3,True,82,0.3047,0.17,0.1182
31,99,2.4,0,6,72,0.047529423609375954,48,3,True,77,0.3008,0.1658,0.1159
32,42,3.9,0,6,16,0.1188476711511612,36,17,True,97,0.3705,0.1914,0.1205
32,1337,5.3,0,6,16,0.1188476711511612,36,17,True,96,0.3529,0.1867,0.1208
32,2026,4.9,0,6,16,0.1188476711511612,36,17,True,99,0.3689,0.193,0.1218
32,7,3.0,0,6,16,0.1188476711511612,36,17,True,96,0.3565,0.1899,0.1222
32,99,3.4,0,6,16,0.1188476711511612,36,17,True,99,0.3559,0.1902,0.1225
33,42,3.6,0,13,58,0.29404662251472474,30,13,True,80,0.3792,0.1952,0.1212
33,1337,4.2,0,13,58,0.29404662251472474,30,13,False,89,0.4245,nan,nan
33,2026,2.7,0,13,58,0.29404662251472474,30,13,True,10,0.0022,0.0715,0.0714
33,7,3.4,0,13,58,0.29404662251472474,30,13,False,83,0.4234,nan,nan
33,99,5.4,0,13,58,0.29404662251472474,30,13,True,68,0.3513,0.1793,0.1163
34,42,5.5,0,23,33,0.008170741423964501,57,5,True,82,0.2726,0.1556,0.1132
34,1337,5.4,0,23,33,0.008170741423964501,57,5,True,78,0.2944,0.1635,0.1153
34,2026,3.9,0,23,33,0.008170741423964501,57,5,True,75,0.2389,0.1526,0.1162
34,7,3.5,0,23,33,0.008170741423964501,57,5,True,72,0.2679,0.1538,0.1126
34,99,3.3,0,23,33,0.008170741423964501,57,5,True,81,0.2827,0.1597,0.1145
35,42,7.4,0,8,75,0.3829721536487341,7,28,True,11,0.0014,0.0694,0.0693
35,1337,5.0,0,8,75,0.3829721536487341,7,28,True,11,0.0014,0.0694,0.0693
35,2026,3.4,0,8,75,0.3829721536487341,7,28,True,11,0.0014,0.0694,0.0693
35,7,5.1,0,8,75,0.3829721536487341,7,28,False,79,0.485,nan,nan
35,99,2.3,0,8,75,0.3829721536487341,7,28,True,11,0.0015,0.0705,0.0704
36,42,1.9,0,11,40,0.22832597196102145,14,25,False,97,0.4137,nan,nan
36,1337,5.4,0,11,40,0.22832597196102145,14,25,False,102,0.4442,nan,nan
36,2026,4.3,0,11,40,0.22832597196102145,14,25,False,107,0.4432,nan,nan
36,7,3.0,0,11,40,0.22832597196102145,14,25,False,98,0.4419,nan,nan
36,99,3.7,0,11,40,0.22832597196102145,14,25,False,102,0.4164,nan,nan
37,42,3.1,0,20,68,0.15312777757644655,50,8,True,59,0.3463,0.1771,0.1158
37,1337,2.9,0,20,68,0.15312777757644655,50,8,True,68,0.3567,0.1766,0.1136
37,2026,3.1,0,20,68,0.15312777757644655,50,8,True,67,0.3799,0.1877,0.1164
37,7,3.6,0,20,68,0.15312777757644655,50,8,True,67,0.3707,0.1863,0.1172
37,99,3.2,0,20,68,0.15312777757644655,50,8,True,69,0.3769,0.191,0.119
38,42,2.8,0,16,23,0.34225074015557766,23,11,True,117,0.3757,0.2028,0.1266
38,1337,3.9,0,16,23,0.34225074015557766,23,11,False,125,0.4059,nan,nan
38,2026,3.3,0,16,23,0.34225074015557766,23,11,True,122,0.3882,0.2079,0.1272
38,7,2.9,0,16,23,0.34225074015557766,23,11,True,119,0.3754,0.2025,0.1265
38,99,3.1,0,16,23,0.34225074015557766,23,11,True,127,0.3887,0.2109,0.1289
39,42,2.3,0,4,51,0.06744855903089046,42,20,True,69,0.3369,0.1828,0.1212
39,1337,2.4,0,4,51,0.06744855903089046,42,20,True,71,0.3853,0.1894,0.1164
39,2026,3.2,0,4,51,0.06744855903089046,42,20,True,74,0.3917,0.1968,0.1197
39,7,3.7,0,4,51,0.06744855903089046,42,20,True,72,0.3672,0.1871,0.1184
39,99,2.0,0,4,51,0.06744855903089046,42,20,True,74,0.3894,0.1952,0.1192
40,42,3.5,0,2,28,0.3208312038332224,49,16,True,15,0.0067,0.0693,0.0688
40,1337,2.9,0,2,28,0.3208312038332224,49,16,True,13,0.0067,0.0706,0.0701
40,2026,2.6,0,2,28,0.3208312038332224,49,16,True,13,0.0053,0.0678,0.0675
40,7,2.7,0,2,28,0.3208312038332224,49,16,True,22,0.0346,0.0744,0.0719
40,99,2.5,0,2,28,0.3208312038332224,49,16,True,18,0.0141,0.0706,0.0696
41,42,2.4,0,17,78,0.09602293707430364,17,19,False,108,0.4078,nan,nan
41,1337,3.8,0,17,78,0.09602293707430364,17,19,False,105,0.4017,nan,nan
41,2026,3.7,0,17,78,0.09602293707430364,17,19,False,110,0.4152,nan,nan
41,7,3.2,0,17,78,0.09602293707430364,17,19,False,104,0.4035,nan,nan
41,99,2.7,0,17,78,0.09602293707430364,17,19,True,99,0.3974,0.2139,0.1289
42,42,2.5,0,19,11,0.20702088102698327,43,28,False,69,0.4215,nan,nan
42,1337,3.2,0,19,11,0.20702088102698327,43,28,True,16,0.0325,0.0654,0.0632
42,2026,3.1,0,19,11,0.20702088102698327,43,28,True,15,0.0377,0.0624,0.06
42,7,2.6,0,19,11,0.20702088102698327,43,28,True,16,0.0343,0.0662,0.0639
42,99,2.4,0,19,11,0.20702088102698327,43,28,False,65,0.4137,nan,nan
43,42,2.6,0,12,61,0.1818288080394268,21,4,True,141,0.33,0.1927,0.1291
43,1337,2.7,0,12,61,0.1818288080394268,21,4,True,163,0.361,0.1999,0.1277
43,2026,2.6,0,12,61,0.1818288080394268,21,4,True,135,0.329,0.1907,0.128
43,7,5.6,0,12,61,0.1818288080394268,21,4,True,150,0.3497,0.1988,0.1293
43,99,4.8,0,12,61,0.1818288080394268,21,4,True,142,0.3402,0.1921,0.1267
44,42,4.3,0,10,26,0.030298275128006938,28,8,True,132,0.3091,0.1799,0.1243
44,1337,5.2,0,10,26,0.030298275128006938,28,8,True,128,0.3031,0.1778,0.1239
44,2026,6.1,0,10,26,0.030298275128006938,28,8,True,125,0.2977,0.1782,0.1251
44,7,2.3,0,10,26,0.030298275128006938,28,8,True,119,0.2797,0.1706,0.1229
44,99,2.2,0,10,26,0.030298275128006938,28,8,True,132,0.3054,0.1793,0.1245
45,42,6.1,0,22,46,0.3551057849079371,37,24,True,10,0.0026,0.072,0.0718
45,1337,6.2,0,22,46,0.3551057849079371,37,24,True,10,0.0023,0.0719,0.0717
45,2026,4.3,0,22,46,0.3551057849079371,37,24,True,10,0.0014,0.0712,0.0711
45,7,4.5,0,22,46,0.3551057849079371,37,24,True,10,0.0025,0.0719,0.0718
45,99,5.4,0,22,46,0.3551057849079371,37,24,True,10,0.0025,0.0723,0.0721
46,42,4.2,0,14,43,0.14110490903258324,9,23,False,131,0.4491,nan,nan
46,1337,2.1,0,14,43,0.14110490903258324,9,23,False,130,0.4506,nan,nan
46,2026,2.3,0,14,43,0.14110490903258324,9,23,False,121,0.406,nan,nan
46,7,2.7,0,14,43,0.14110490903258324,9,23,True,114,0.3852,0.1975,0.1214
46,99,1.9,0,14,43,0.14110490903258324,9,23,False,122,0.4023,nan,nan
47,42,3.8,0,5,63,0.2662977509200573,56,12,True,53,0.398,0.1843,0.1109
47,1337,1.7,0,5,63,0.2662977509200573,56,12,False,56,0.4089,nan,nan
47,2026,2.8,0,5,63,0.2662977509200573,56,12,False,56,0.4224,nan,nan
47,7,5.7,0,5,63,0.2662977509200573,56,12,False,57,0.4016,nan,nan
47,99,3.0,0,5,63,0.2662977509200573,56,12,False,61,0.4134,nan,nan
48,42,4.1,0,5,42,0.08356833122670651,25,30,True,90,0.3901,0.2029,0.1238
48,1337,3.3,0,5,42,0.08356833122670651,25,30,False,87,0.4026,nan,nan
48,2026,6.1,0,5,42,0.08356833122670651,25,30,True,88,0.3925,0.2048,0.1244
48,7,4.3,0,5,42,0.08356833122670651,25,30,True,82,0.3627,0.1874,0.1194
48,99,3.4,0,5,42,0.08356833122670651,25,30,True,80,0.3402,0.1729,0.1141
49,42,5.0,0,15,66,0.30836973749101165,41,6,True,8,0.0046,0.0805,0.0801
49,1337,4.6,0,15,66,0.30836973749101165,41,6,True,8,0.0044,0.0808,0.0805
49,2026,5.2,0,15,66,0.30836973749101165,41,6,True,8,0.0044,0.0808,0.0805
49,7,3.3,0,15,66,0.30836973749101165,41,6,True,8,0.0044,0.0808,0.0805
49,99,4.2,0,15,66,0.30836973749101165,41,6,True,8,0.0044,0.0808,0.0805
50,42,3.3,0,23,25,0.19424678683280946,12,14,True,184,0.3867,0.2152,0.132
50,1337,6.1,0,23,25,0.19424678683280946,12,14,True,183,0.3852,0.2173,0.1336
50,2026,3.8,0,23,25,0.19424678683280946,12,14,True,183,0.3754,0.212,0.1324
50,7,6.1,0,23,25,0.19424678683280946,12,14,True,191,0.3941,0.2176,0.1318
50,99,3.2,0,23,25,0.19424678683280946,12,14,True,182,0.3827,0.2154,0.1329
51,42,2.3,0,10,49,0.21944573223590852,52,18,True,55,0.3764,0.1922,0.1199
51,1337,8.2,0,10,49,0.21944573223590852,52,18,True,59,0.3963,0.1995,0.1204
51,2026,4.5,0,10,49,0.21944573223590852,52,18,True,58,0.3905,0.196,0.1194
51,7,4.7,0,10,49,0.21944573223590852,52,18,True,57,0.3753,0.1854,0.1158
51,99,2.3,0,10,49,0.21944573223590852,52,18,True,57,0.395,0.1981,0.1198
52,42,9.2,0,13,14,0.3676466014236212,59,22,True,6,0.0096,0.0599,0.0593
52,1337,3.4,0,13,14,0.3676466014236212,59,22,True,7,0.0086,0.0664,0.0659
52,2026,2.7,0,13,14,0.3676466014236212,59,22,True,6,0.0118,0.0635,0.0628
52,7,6.7,0,13,14,0.3676466014236212,59,22,True,6,0.0094,0.0617,0.0611
52,99,6.7,0,13,14,0.3676466014236212,59,22,True,7,0.0096,0.0667,0.0661
53,42,5.3,0,20,60,0.04284443818032742,5,11,True,199,0.3497,0.1979,0.1287
53,1337,2.3,0,20,60,0.04284443818032742,5,11,True,203,0.3592,0.2019,0.1294
53,2026,3.2,0,20,60,0.04284443818032742,5,11,True,208,0.3713,0.2075,0.1305
53,7,3.8,0,20,60,0.04284443818032742,5,11,True,208,0.3829,0.2057,0.127
53,99,4.8,0,20,60,0.04284443818032742,5,11,True,205,0.375,0.2115,0.1322
54,42,2.6,0,18,31,0.2537203073501587,34,9,True,89,0.384,0.2006,0.1236
54,1337,6.5,0,18,31,0.2537203073501587,34,9,True,92,0.3882,0.2027,0.124
54,2026,2.7,0,18,31,0.2537203073501587,34,9,False,95,0.4,nan,nan
54,7,3.0,0,18,31,0.2537203073501587,34,9,True,86,0.3538,0.1923,0.1243
54,99,2.9,0,18,31,0.2537203073501587,34,9,True,95,0.3916,0.2046,0.1245
55,42,5.3,0,3,77,0.12852213084697725,32,26,True,72,0.3817,0.1935,0.1196
55,1337,2.6,0,3,77,0.12852213084697725,32,26,False,73,0.4052,nan,nan
55,2026,2.4,0,3,77,0.12852213084697725,32,26,True,73,0.3812,0.1954,0.1209
55,7,8.3,0,3,77,0.12852213084697725,32,26,True,71,0.3886,0.2027,0.1239
55,99,7.6,0,3,77,0.12852213084697725,32,26,True,75,0.3798,0.1944,0.1206
56,42,3.9,0,4,20,0.28163551017642025,11,4,True,293,0.3138,0.1866,0.128
56,1337,3.2,0,4,20,0.28163551017642025,11,4,True,300,0.3055,0.1812,0.1259
56,2026,2.6,0,4,20,0.28163551017642025,11,4,True,303,0.329,0.1971,0.1323
56,7,4.8,0,4,20,0.28163551017642025,11,4,True,293,0.3069,0.1896,0.1314
56,99,5.5,0,4,20,0.28163551017642025,11,4,True,291,0.3266,0.1964,0.1323
57,42,2.4,0,17,52,0.10644341930747032,55,27,True,48,0.3463,0.1722,0.1126
57,1337,3.2,0,17,52,0.10644341930747032,55,27,True,53,0.3426,0.1672,0.1099
57,2026,3.0,0,17,52,0.10644341930747032,55,27,True,53,0.3802,0.1874,0.1161
57,7,4.7,0,17,52,0.10644341930747032,55,27,True,57,0.389,0.1878,0.1147
57,99,6.8,0,17,52,0.10644341930747032,55,27,True,55,0.3732,0.1876,0.1176
58,42,3.3,0,21,37,0.3954443071037531,26,19,True,11,0.0025,0.0701,0.07
58,1337,4.1,0,21,37,0.3954443071037531,26,19,True,11,0.0025,0.0656,0.0655
58,2026,3.5,0,21,37,0.3954443071037531,26,19,True,11,0.0025,0.0702,0.07
58,7,5.1,0,21,37,0.3954443071037531,26,19,True,11,0.0025,0.0656,0.0654
58,99,3.1,0,21,37,0.3954443071037531,26,19,True,11,0.0025,0.0702,0.07
59,42,2.5,0,11,69,0.020636022463440897,38,15,True,75,0.3623,0.1885,0.1202
59,1337,4.4,0,11,69,0.020636022463440897,38,15,True,68,0.2942,0.1613,0.1138
59,2026,5.7,0,11,69,0.020636022463440897,38,15,True,69,0.3128,0.1708,0.1174
59,7,3.8,0,11,69,0.020636022463440897,38,15,True,77,0.3699,0.1907,0.1202
59,99,3.6,0,11,69,0.020636022463440897,38,15,True,77,0.3463,0.1848,0.1208
60,42,2.0,0,9,34,0.16572124287486079,45,12,False,78,0.4,nan,nan
60,1337,5.1,0,9,34,0.16572124287486079,45,12,True,76,0.39,0.2032,0.124
60,2026,4.7,0,9,34,0.16572124287486079,45,12,True,76,0.3713,0.1932,0.1215
60,7,2.1,0,9,34,0.16572124287486079,45,12,True,74,0.3678,0.1893,0.1197
60,99,2.2,0,9,34,0.16572124287486079,45,12,True,75,0.3624,0.1914,0.1221
61,42,4.3,0,24,71,0.24091409072279932,19,22,False,84,0.4124,nan,nan
61,1337,3.9,0,24,71,0.24091409072279932,19,22,False,84,0.414,nan,nan
61,2026,3.8,0,24,71,0.24091409072279932,19,22,False,84,0.4077,nan,nan
61,7,3.9,0,24,71,0.24091409072279932,19,22,False,91,0.4503,nan,nan
61,99,3.7,0,24,71,0.24091409072279932,19,22,True,80,0.3832,0.2,0.1234
62,42,6.1,0,14,17,0.054916134849190716,48,24,True,75,0.3552,0.173,0.1115
62,1337,3.9,0,14,17,0.054916134849190716,48,24,True,69,0.3409,0.1716,0.1131
62,2026,2.5,0,14,17,0.054916134849190716,48,24,True,71,0.3503,0.1784,0.1159
62,7,2.0,0,14,17,0.054916134849190716,48,24,True,70,0.3335,0.1758,0.1172
62,99,3.5,0,14,17,0.054916134849190716,48,24,True,74,0.3439,0.1812,0.1189
63,42,4.4,0,7,55,0.3297236505895853,18,7,False,131,0.4215,nan,nan
63,1337,3.3,0,7,55,0.3297236505895853,18,7,False,136,0.4112,nan,nan
63,2026,5.5,0,7,55,0.3297236505895853,18,7,False,144,0.4029,nan,nan
63,7,3.4,0,7,55,0.3297236505895853,18,7,False,132,0.4065,nan,nan
63,99,2.5,0,7,55,0.3297236505895853,18,7,False,143,0.404,nan,nan
64,42,4.8,0,7,22,0.06994541883468629,54,13,True,75,0.3214,0.1646,0.1117
64,1337,3.9,0,7,22,0.06994541883468629,54,13,True,73,0.3238,0.1676,0.1133
64,2026,2.0,0,7,22,0.06994541883468629,54,13,True,76,0.3294,0.169,0.1134
64,7,3.4,0,7,22,0.06994541883468629,54,13,True,74,0.3203,0.1594,0.1084
64,99,5.1,0,7,22,0.06994541883468629,54,13,True,78,0.3358,0.1696,0.1127
65,42,3.9,0,14,51,0.3451370805501938,12,17,True,14,0.001,0.0645,0.0645
65,1337,5.5,0,14,51,0.3451370805501938,12,17,True,14,0.0011,0.0646,0.0645
65,2026,5.3,0,14,51,0.3451370805501938,12,17,False,119,0.4481,nan,nan
65,7,3.1,0,14,51,0.3451370805501938,12,17,True,14,0.001,0.0646,0.0645
65,99,6.4,0,14,51,0.3451370805501938,12,17,True,14,0.0015,0.0648,0.0647
66,42,3.1,0,24,40,0.15923716090619566,38,29,True,66,0.3759,0.1957,0.1221
66,1337,4.6,0,24,40,0.15923716090619566,38,29,False,69,0.4052,nan,nan
66,2026,4.3,0,24,40,0.15923716090619566,38,29,False,71,0.408,nan,nan
66,7,7.3,0,24,40,0.15923716090619566,38,29,True,66,0.3711,0.1916,0.1205
66,99,3.1,0,24,40,0.15923716090619566,38,29,False,72,0.418,nan,nan
67,42,4.4,0,9,69,0.2340451117604971,26,5,True,106,0.3595,0.195,0.1249
67,1337,2.8,0,9,69,0.2340451117604971,26,5,True,114,0.3765,0.2047,0.1276
67,2026,3.5,0,9,69,0.2340451117604971,26,5,True,110,0.3876,0.2011,0.1232
67,7,5.3,0,9,69,0.2340451117604971,26,5,True,116,0.4,0.209,0.1254
67,99,4.4,0,9,69,0.2340451117604971,26,5,True,110,0.3762,0.2025,0.1264
68,42,3.4,0,12,34,0.37960944771766664,20,8,True,14,0.0002,0.0644,0.0643
68,1337,2.6,0,12,34,0.37960944771766664,20,8,True,14,0.0001,0.0644,0.0643
68,2026,5.8,0,12,34,0.37960944771766664,20,8,True,14,0.0001,0.0644,0.0644
68,7,7.6,0,12,34,0.37960944771766664,20,8,True,14,0.0001,0.0644,0.0643
68,99,7.5,0,12,34,0.37960944771766664,20,8,True,14,0.0,0.0643,0.0643
69,42,3.2,0,21,75,0.004417029023170471,45,26,True,64,0.3947,0.2005,0.1214
69,1337,7.8,0,21,75,0.004417029023170471,45,26,True,64,0.3725,0.1906,0.1196
69,2026,8.1,0,21,75,0.004417029023170471,45,26,True,54,0.3161,0.1685,0.1153
69,7,7.3,0,21,75,0.004417029023170471,45,26,True,56,0.3015,0.1644,0.1149
69,99,4.4,0,21,75,0.004417029023170471,45,26,True,56,0.3175,0.1696,0.1157
70,42,4.9,0,17,16,0.2935151901096106,19,20,False,125,0.4067,nan,nan
70,1337,7.6,0,17,16,0.2935151901096106,19,20,False,126,0.4206,nan,nan
70,2026,2.1,0,17,16,0.2935151901096106,19,20,False,120,0.4021,nan,nan
70,7,4.8,0,17,16,0.2935151901096106,19,20,False,122,0.4146,nan,nan
70,99,2.7,0,17,16,0.2935151901096106,19,20,False,121,0.4102,nan,nan
71,42,3.3,0,4,57,0.11870800815522671,47,10,True,70,0.3378,0.1683,0.1115
71,1337,6.4,0,4,57,0.11870800815522671,47,10,True,74,0.3761,0.1825,0.1139
71,2026,4.1,0,4,57,0.11870800815522671,47,10,True,63,0.3104,0.1647,0.1136
71,7,4.6,0,4,57,0.11870800815522671,47,10,True,65,0.2816,0.1491,0.1071
71,99,3.1,0,4,57,0.11870800815522671,47,10,True,71,0.3567,0.1731,0.1114
72,42,3.1,0,3,43,0.2711374077945948,40,19,True,62,0.3787,0.1862,0.1157
72,1337,5.4,0,3,43,0.2711374077945948,40,19,True,22,0.0399,0.0748,0.0718
72,2026,6.2,0,3,43,0.2711374077945948,40,19,False,70,0.4436,nan,nan
72,7,4.9,0,3,43,0.2711374077945948,40,19,True,57,0.3695,0.1817,0.1146
72,99,2.1,0,3,43,0.2711374077945948,40,19,False,63,0.4152,nan,nan
73,42,3.8,0,18,64,0.1463363353163004,25,16,True,99,0.398,0.209,0.1258
73,1337,7.4,0,18,64,0.1463363353163004,25,16,True,99,0.3948,0.2119,0.1283
73,2026,6.6,0,18,64,0.1463363353163004,25,16,True,99,0.3991,0.2108,0.1267
73,7,7.0,0,18,64,0.1463363353163004,25,16,True,96,0.3904,0.2055,0.1253
73,99,3.0,0,18,64,0.1463363353163004,25,16,True,98,0.3953,0.2146,0.1298
74,42,3.7,0,20,25,0.357309489697218,51,4,True,8,0.006,0.0651,0.0647
74,1337,4.8,0,20,25,0.357309489697218,51,4,True,8,0.006,0.0651,0.0647
74,2026,7.2,0,20,25,0.357309489697218,51,4,True,7,0.0036,0.0801,0.0798
74,7,3.2,0,20,25,0.357309489697218,51,4,True,8,0.006,0.0651,0.0647
74,99,5.1,0,20,25,0.357309489697218,51,4,True,8,0.006,0.0651,0.0647
75,42,4.5,0,13,46,0.03211097344756127,13,28,False,112,0.4036,nan,nan
75,1337,5.3,0,13,46,0.03211097344756127,13,28,True,105,0.3704,0.2021,0.1273
75,2026,4.9,0,13,46,0.03211097344756127,13,28,True,102,0.38,0.1947,0.1207
75,7,9.5,0,13,46,0.03211097344756127,13,28,False,114,0.4137,nan,nan
75,99,9.0,0,13,46,0.03211097344756127,13,28,True,99,0.3557,0.1922,0.1238
76,42,8.7,0,10,10,0.18080928064882756,6,24,False,142,0.4052,nan,nan
76,1337,3.8,0,10,10,0.18080928064882756,6,24,False,144,0.4089,nan,nan
76,2026,6.3,0,10,10,0.18080928064882756,6,24,False,136,0.4056,nan,nan
76,7,4.3,0,10,10,0.18080928064882756,6,24,True,139,0.3959,0.1994,0.1204
76,99,3.9,0,10,10,0.18080928064882756,6,24,True,135,0.387,0.1934,0.1186
77,42,7.8,0,22,61,0.20561111010611058,59,8,True,59,0.3606,0.1758,0.1124
77,1337,7.0,0,22,61,0.20561111010611058,59,8,True,9,0.012,0.0796,0.0786
77,2026,4.3,0,22,61,0.20561111010611058,59,8,True,56,0.347,0.1708,0.1115
77,7,5.5,0,22,61,0.20561111010611058,59,8,True,55,0.3547,0.1726,0.1114
77,99,4.8,0,22,61,0.20561111010611058,59,8,True,58,0.3562,0.1736,0.1118
78,42,2.2,0,15,28,0.09158620759844781,32,13,True,113,0.3389,0.1873,0.1238
78,1337,4.4,0,15,28,0.09158620759844781,32,13,True,110,0.3382,0.1843,0.1219
78,2026,7.5,0,15,28,0.09158620759844781,32,13,True,108,0.3293,0.1838,0.1232
78,7,4.4,0,15,28,0.09158620759844781,32,13,True,110,0.333,0.1844,0.123
78,99,4.3,0,15,28,0.09158620759844781,32,13,True,106,0.3405,0.1866,0.123
79,42,4.2,0,6,79,0.3167839549481869,34,23,False,69,0.4767,nan,nan
79,1337,5.5,0,6,79,0.3167839549481869,34,23,False,65,0.4769,nan,nan
79,2026,9.2,0,6,79,0.3167839549481869,34,23,True,10,0.0014,0.0713,0.0712
79,7,7.6,0,6,79,0.3167839549481869,34,23,True,10,0.0014,0.0713,0.0712
79,99,7.0,0,6,79,0.3167839549481869,34,23,False,69,0.4622,nan,nan
80,42,6.8,0,5,32,0.13383824788033963,17,6,True,200,0.3253,0.1923,0.1298
80,1337,8.7,0,5,32,0.13383824788033963,17,6,True,194,0.326,0.1949,0.1314
80,2026,6.8,0,5,32,0.13383824788033963,17,6,True,194,0.3165,0.193,0.1319
80,7,7.1,0,5,32,0.13383824788033963,17,6,True,186,0.3244,0.1923,0.1299
80,99,9.0,0,5,32,0.13383824788033963,17,6,True,193,0.3107,0.1881,0.1296
81,42,7.3,0,15,77,0.25864618085324764,49,30,True,7,0.011,0.0723,0.0715
81,1337,5.7,0,15,77,0.25864618085324764,49,30,False,52,0.436,nan,nan
81,2026,7.6,0,15,77,0.25864618085324764,49,30,True,8,0.0064,0.0734,0.0729
81,7,8.1,0,15,77,0.25864618085324764,49,30,False,48,0.4016,nan,nan
81,99,7.7,0,15,77,0.25864618085324764,49,30,True,47,0.3954,0.1846,0.1116
82,42,7.1,0,22,14,0.044548031687736515,21,18,True,163,0.3227,0.188,0.1273
82,1337,5.1,0,22,14,0.044548031687736515,21,18,True,164,0.3128,0.1858,0.1277
82,2026,4.6,0,22,14,0.044548031687736515,21,18,True,165,0.3218,0.188,0.1275
82,7,6.9,0,22,14,0.044548031687736515,21,18,True,161,0.3075,0.1817,0.1258
82,99,9.3,0,22,14,0.044548031687736515,21,18,True,164,0.3258,0.1867,0.1259
83,42,4.4,0,9,59,0.3697396755218506,43,15,True,7,0.006,0.0764,0.076
83,1337,5.3,0,9,59,0.3697396755218506,43,15,True,8,0.0058,0.0729,0.0725
83,2026,6.1,0,9,59,0.3697396755218506,43,15,True,8,0.006,0.072,0.0716
83,7,8.7,0,9,59,0.3697396755218506,43,15,True,8,0.006,0.072,0.0716
83,99,9.1,0,9,59,0.3697396755218506,43,15,True,7,0.006,0.0782,0.0778
84,42,9.2,0,12,25,0.21812065206468106,36,11,True,88,0.3714,0.1952,0.1227
84,1337,7.7,0,12,25,0.21812065206468106,36,11,True,85,0.3724,0.1944,0.122
84,2026,5.4,0,12,25,0.21812065206468106,36,11,True,92,0.3774,0.1974,0.1229
84,7,8.2,0,12,25,0.21812065206468106,36,11,True,92,0.3902,0.2043,0.1246
84,99,5.6,0,12,25,0.21812065206468106,36,11,True,93,0.3852,0.2009,0.1235
85,42,8.3,0,19,48,0.1933134760707617,28,21,True,79,0.3901,0.2031,0.1239
85,1337,7.3,0,19,48,0.1933134760707617,28,21,True,83,0.3952,0.2027,0.1226
85,2026,5.9,0,19,48,0.1933134760707617,28,21,False,87,0.4227,nan,nan
85,7,4.1,0,19,48,0.1933134760707617,28,21,False,86,0.4174,nan,nan
85,99,6.0,0,19,48,0.1933134760707617,28,21,False,88,0.4188,nan,nan
86,42,7.4,0,17,43,0.3042133837938309,56,26,True,6,0.0102,0.0778,0.077
86,1337,6.7,0,17,43,0.3042133837938309,56,26,True,6,0.0036,0.0807,0.0804
86,2026,7.1,0,17,43,0.3042133837938309,56,26,True,6,0.0102,0.0778,0.077
86,7,7.0,0,17,43,0.3042133837938309,56,26,True,6,0.0102,0.0778,0.077
86,99,5.3,0,17,43,0.3042133837938309,56,26,True,6,0.0102,0.0778,0.077
87,42,7.6,0,2,66,0.0790209710597992,10,10,True,178,0.3253,0.1443,0.0973
87,1337,7.9,0,2,66,0.0790209710597992,10,10,True,195,0.3418,0.171,0.1126
87,2026,8.1,0,2,66,0.0790209710597992,10,10,True,187,0.3333,0.1662,0.1108
87,7,10.3,0,2,66,0.0790209710597992,10,10,True,173,0.3182,0.1506,0.1027
87,99,10.4,0,2,66,0.0790209710597992,10,10,True,184,0.3541,0.1522,0.0983
88,42,3.4,0,3,17,0.3326962076127529,31,27,True,10,0.0032,0.0672,0.067
88,1337,8.3,0,3,17,0.3326962076127529,31,27,False,70,0.4097,nan,nan
88,2026,8.0,0,3,17,0.3326962076127529,31,27,False,74,0.4617,nan,nan
88,7,7.5,0,3,17,0.3326962076127529,31,27,False,70,0.4963,nan,nan
88,99,5.2,0,3,17,0.3326962076127529,31,27,True,10,0.0023,0.0668,0.0667
89,42,5.2,0,16,54,0.05749768540263176,35,3,True,106,0.2924,0.1718,0.1216
89,1337,7.6,0,16,54,0.05749768540263176,35,3,True,104,0.2888,0.1733,0.1232
89,2026,5.5,0,16,54,0.05749768540263176,35,3,True,98,0.3052,0.1725,0.1199
89,7,9.1,0,16,54,0.05749768540263176,35,3,True,98,0.2687,0.1671,0.1222
89,99,8.7,0,16,54,0.05749768540263176,35,3,True,103,0.2803,0.1671,0.1202
90,42,6.9,0,21,35,0.2465225998312235,7,15,False,174,0.444,nan,nan
90,1337,4.2,0,21,35,0.2465225998312235,7,15,False,170,0.4349,nan,nan
90,2026,6.3,0,21,35,0.2465225998312235,7,15,False,174,0.4346,nan,nan
90,7,6.6,0,21,35,0.2465225998312235,7,15,False,174,0.4321,nan,nan
90,99,3.5,0,21,35,0.2465225998312235,7,15,False,164,0.408,nan,nan
91,42,2.1,0,11,72,0.17172152139246466,57,19,True,52,0.3751,0.1734,0.1084
91,1337,2.8,0,11,72,0.17172152139246466,57,19,False,53,0.4143,nan,nan
91,2026,3.4,0,11,72,0.17172152139246466,57,19,True,51,0.3704,0.1772,0.1116
91,7,2.4,0,11,72,0.17172152139246466,57,19,True,51,0.3635,0.1705,0.1085
91,99,2.3,0,11,72,0.17172152139246466,57,19,True,45,0.3701,0.1777,0.1119
92,42,6.1,0,8,37,0.01696852669119835,50,22,True,69,0.3389,0.1885,0.1246
92,1337,2.9,0,8,37,0.01696852669119835,50,22,True,67,0.336,0.1855,0.1232
92,2026,6.7,0,8,37,0.01696852669119835,50,22,True,73,0.3614,0.1917,0.1224
92,7,5.6,0,8,37,0.01696852669119835,50,22,True,73,0.3564,0.1923,0.1238
92,99,3.4,0,8,37,0.01696852669119835,50,22,True,66,0.3151,0.1744,0.1195
93,42,7.4,0,23,70,0.3921662919223309,14,12,True,15,0.0007,0.065,0.0649
93,1337,6.6,0,23,70,0.3921662919223309,14,12,True,14,0.0006,0.066,0.066
93,2026,5.1,0,23,70,0.3921662919223309,14,12,True,14,0.0002,0.0667,0.0667
93,7,5.4,0,23,70,0.3921662919223309,14,12,True,15,0.0018,0.0646,0.0644
93,99,5.0,0,23,70,0.3921662919223309,14,12,True,15,0.0013,0.0649,0.0648
94,42,3.9,0,13,19,0.10619312562048436,42,7,True,95,0.2983,0.1674,0.1174
94,1337,5.9,0,13,19,0.10619312562048436,42,7,True,97,0.3336,0.177,0.118
94,2026,4.8,0,13,19,0.10619312562048436,42,7,True,92,0.288,0.1652,0.1176
94,7,4.1,0,13,19,0.10619312562048436,42,7,True,99,0.3007,0.1677,0.1173
94,99,6.5,0,13,19,0.10619312562048436,42,7,True,93,0.3165,0.1778,0.1215
95,42,7.2,0,6,52,0.2809949729591608,24,24,False,81,0.4304,nan,nan
95,1337,6.0,0,6,52,0.2809949729591608,24,24,False,84,0.4419,nan,nan
95,2026,5.3,0,6,52,0.2809949729591608,24,24,False,79,0.429,nan,nan
95,7,6.5,0,6,52,0.2809949729591608,24,24,False,83,0.4351,nan,nan
95,99,6.1,0,6,52,0.2809949729591608,24,24,False,83,0.4503,nan,nan
96,42,4.9,0,7,39,0.3526187717914582,8,10,False,204,0.4351,nan,nan
96,1337,5.2,0,7,39,0.3526187717914582,8,10,False,205,0.4413,nan,nan
96,2026,6.4,0,7,39,0.3526187717914582,8,10,False,201,0.4321,nan,nan
96,7,6.4,0,7,39,0.3526187717914582,8,10,False,206,0.4458,nan,nan
96,99,6.2,0,7,39,0.3526187717914582,8,10,False,214,0.4544,nan,nan
97,42,4.6,0,13,68,0.027426686882972718,56,20,True,59,0.3586,0.1831,0.1174
97,1337,4.4,0,13,68,0.027426686882972718,56,20,True,52,0.35,0.1765,0.1147
97,2026,7.4,0,13,68,0.027426686882972718,56,20,True,57,0.3416,0.178,0.1172
97,7,4.6,0,13,68,0.027426686882972718,56,20,True,55,0.3356,0.1765,0.1173
97,99,3.0,0,13,68,0.027426686882972718,56,20,True,60,0.3973,0.1978,0.1193
98,42,5.9,0,23,21,0.2633285131305456,28,25,False,91,0.4211,nan,nan
98,1337,5.2,0,23,21,0.2633285131305456,28,25,False,90,0.4073,nan,nan
98,2026,4.9,0,23,21,0.2633285131305456,28,25,False,95,0.4254,nan,nan
98,7,4.0,0,23,21,0.2633285131305456,28,25,False,92,0.4225,nan,nan
98,99,7.3,0,23,21,0.2633285131305456,28,25,False,91,0.415,nan,nan
99,42,2.9,0,8,50,0.13852023445069792,38,9,True,85,0.3811,0.1962,0.1214
99,1337,3.1,0,8,50,0.13852023445069792,38,9,True,77,0.3369,0.1802,0.1195
99,2026,6.0,0,8,50,0.13852023445069792,38,9,True,77,0.3438,0.1804,0.1184
99,7,3.0,0,8,50,0.13852023445069792,38,9,True,82,0.3659,0.1911,0.1212
99,99,2.9,0,8,50,0.13852023445069792,38,9,True,74,0.3223,0.1764,0.1196
100,42,3.9,0,10,14,0.09940115213394166,44,5,True,96,0.2954,0.1022,0.072
100,1337,4.0,0,10,14,0.09940115213394166,44,5,True,95,0.2895,0.1699,0.1207
100,2026,3.4,0,10,14,0.09940115213394166,44,5,True,92,0.2819,0.165,0.1185
100,7,4.0,0,10,14,0.09940115213394166,44,5,True,99,0.296,0.1674,0.1178
100,99,3.2,0,10,14,0.09940115213394166,44,5,True,97,0.2625,0.1573,0.116
101,42,3.7,0,20,56,0.32459400594234467,22,29,True,10,0.0026,0.0723,0.0721
101,1337,2.7,0,20,56,0.32459400594234467,22,29,True,11,0.0024,0.0708,0.0706
101,2026,3.7,0,20,56,0.32459400594234467,22,29,True,11,0.0023,0.0707,0.0706
101,7,5.9,0,20,56,0.32459400594234467,22,29,True,10,0.0024,0.0724,0.0722
101,99,3.7,0,20,56,0.32459400594234467,22,29,True,10,0.0025,0.072,0.0719
102,42,3.7,0,16,32,0.1854939367622137,48,17,True,64,0.3598,0.1853,0.1186
102,1337,2.6,0,16,32,0.1854939367622137,48,17,False,71,0.4037,nan,nan
102,2026,3.4,0,16,32,0.1854939367622137,48,17,True,70,0.389,0.1974,0.1206
102,7,2.6,0,16,32,0.1854939367622137,48,17,False,69,0.4043,nan,nan
102,99,2.5,0,16,32,0.1854939367622137,48,17,True,64,0.3654,0.1906,0.121
103,42,3.9,0,4,75,0.2103014584630728,16,14,False,110,0.4212,nan,nan
103,1337,2.8,0,4,75,0.2103014584630728,16,14,False,117,0.4322,nan,nan
103,2026,3.7,0,4,75,0.2103014584630728,16,14,False,118,0.4332,nan,nan
103,7,3.4,0,4,75,0.2103014584630728,16,14,False,117,0.4289,nan,nan
103,99,3.2,0,4,75,0.2103014584630728,16,14,True,104,0.396,0.2076,0.1254
104,42,2.9,0,3,27,0.15142793394625187,23,23,True,109,0.3916,0.2002,0.1218
104,1337,3.4,0,3,27,0.15142793394625187,23,23,False,116,0.4174,nan,nan
104,2026,6.6,0,3,27,0.15142793394625187,23,23,False,116,0.4036,nan,nan
104,7,5.4,0,3,27,0.15142793394625187,23,23,True,110,0.3898,0.193,0.1178
104,99,5.4,0,3,27,0.15142793394625187,23,23,False,119,0.4376,nan,nan
105,42,5.5,0,18,46,0.2262293342500925,42,13,False,76,0.4055,nan,nan
105,1337,4.4,0,18,46,0.2262293342500925,42,13,True,72,0.396,0.2007,0.1212
105,2026,5.0,0,18,46,0.2262293342500925,42,13,True,69,0.3851,0.1958,0.1204
105,7,3.6,0,18,46,0.2262293342500925,42,13,True,71,0.3728,0.1911,0.1199
105,99,3.8,0,18,46,0.2262293342500925,42,13,True,70,0.3762,0.195,0.1217
106,42,2.3,0,19,45,0.06525428220629692,15,7,True,182,0.3276,0.1903,0.1279
106,1337,2.7,0,19,45,0.06525428220629692,15,7,True,188,0.3597,0.2066,0.1323
106,2026,3.1,0,19,45,0.06525428220629692,15,7,True,185,0.3458,0.2001,0.1309
106,7,2.5,0,19,45,0.06525428220629692,15,7,True,190,0.3295,0.1956,0.1311
106,99,2.7,0,19,45,0.06525428220629692,15,7,True,181,0.3192,0.1884,0.1283
107,42,2.7,0,12,65,0.34045322164893155,51,25,True,8,0.0036,0.0828,0.0825
107,1337,3.1,0,12,65,0.34045322164893155,51,25,True,7,0.0069,0.0809,0.0803
107,2026,2.8,0,12,65,0.34045322164893155,51,25,True,8,0.0038,0.0829,0.0826
107,7,2.6,0,12,65,0.34045322164893155,51,25,False,49,0.447,nan,nan
107,99,3.1,0,12,65,0.34045322164893155,51,25,True,7,0.0092,0.0782,0.0775
108,42,2.7,0,9,29,0.2982001814991236,58,28,True,7,0.0102,0.0642,0.0635
108,1337,3.2,0,9,29,0.2982001814991236,58,28,True,8,0.0067,0.0654,0.065
108,2026,2.9,0,9,29,0.2982001814991236,58,28,True,8,0.0053,0.0637,0.0634
108,7,2.3,0,9,29,0.2982001814991236,58,28,True,8,0.0067,0.0659,0.0655
108,99,2.4,0,9,29,0.2982001814991236,58,28,True,7,0.0088,0.0619,0.0614
109,42,3.9,0,22,80,0.12339801229536534,8,4,True,298,0.3526,0.2023,0.131
109,1337,5.1,0,22,80,0.12339801229536534,8,4,True,289,0.3589,0.2083,0.1335
109,2026,4.4,0,22,80,0.12339801229536534,8,4,True,280,0.3479,0.2063,0.1346
109,7,4.2,0,22,80,0.12339801229536534,8,4,True,286,0.3547,0.2051,0.1323
109,99,4.3,0,22,80,0.12339801229536534,8,4,True,300,0.358,0.2067,0.1327
110,42,3.7,0,15,11,0.3874248318374157,35,16,True,9,0.0041,0.0662,0.0659
110,1337,3.3,0,15,11,0.3874248318374157,35,16,True,9,0.0055,0.0688,0.0685
110,2026,2.8,0,15,11,0.3874248318374157,35,16,True,9,0.0041,0.0673,0.067
110,7,2.5,0,15,11,0.3874248318374157,35,16,True,9,0.0055,0.0688,0.0685
110,99,3.7,0,15,11,0.3874248318374157,35,16,True,9,0.0035,0.0651,0.0648
111,42,2.9,0,5,62,0.01222664937376976,29,20,True,89,0.3394,0.1913,0.1264
111,1337,3.7,0,5,62,0.01222664937376976,29,20,True,93,0.3641,0.1963,0.1248
111,2026,3.1,0,5,62,0.01222664937376976,29,20,True,90,0.3549,0.1974,0.1273
111,7,4.0,0,5,62,0.01222664937376976,29,20,True,86,0.3432,0.1919,0.1261
111,99,4.4,0,5,62,0.01222664937376976,29,20,True,88,0.3513,0.1967,0.1276
112,42,5.1,0,6,12,0.23871369920670987,47,9,True,79,0.3557,0.1701,0.1096
112,1337,5.5,0,6,12,0.23871369920670987,47,9,True,82,0.3639,0.1069,0.068
112,2026,5.2,0,6,12,0.23871369920670987,47,9,True,79,0.3444,0.1682,0.1103
112,7,5.6,0,6,12,0.23871369920670987,47,9,True,78,0.349,0.1799,0.1171
112,99,5.2,0,6,12,0.23871369920670987,47,9,True,83,0.35,0.1861,0.121
113,42,4.1,0,15,58,0.16390542648732664,17,27,True,81,0.3893,0.1975,0.1206
113,1337,3.9,0,15,58,0.16390542648732664,17,27,False,88,0.4189,nan,nan
113,2026,5.5,0,15,58,0.16390542648732664,17,27,False,89,0.4591,nan,nan
113,7,3.8,0,15,58,0.16390542648732664,17,27,False,94,0.4517,nan,nan
113,99,3.8,0,15,58,0.16390542648732664,17,27,False,85,0.4079,nan,nan
114,42,6.4,0,22,31,0.32800548374652866,46,21,True,8,0.0069,0.0653,0.0649
114,1337,3.7,0,22,31,0.32800548374652866,46,21,True,8,0.006,0.0651,0.0647
114,2026,5.6,0,22,31,0.32800548374652866,46,21,True,8,0.0071,0.0654,0.0649
114,7,6.6,0,22,31,0.32800548374652866,46,21,True,8,0.006,0.0651,0.0647
114,99,4.1,0,22,31,0.32800548374652866,46,21,True,8,0.0071,0.0654,0.0649
115,42,3.3,0,10,76,0.05281340479850769,20,11,True,127,0.3602,0.2051,0.1312
115,1337,3.5,0,10,76,0.05281340479850769,20,11,True,122,0.3791,0.2088,0.1296
115,2026,3.0,0,10,76,0.05281340479850769,20,11,True,119,0.3718,0.2071,0.1301
115,7,3.6,0,10,76,0.05281340479850769,20,11,True,127,0.3651,0.2038,0.1294
115,99,2.2,0,10,76,0.05281340479850769,20,11,True,117,0.3466,0.1984,0.1297
116,42,2.5,0,12,42,0.11087779961526395,27,14,True,116,0.3677,0.2012,0.1272
116,1337,4.7,0,12,42,0.11087779961526395,27,14,True,106,0.3579,0.191,0.1226
116,2026,3.0,0,12,42,0.11087779961526395,27,14,True,112,0.3764,0.2007,0.1252
116,7,4.0,0,12,42,0.11087779961526395,27,14,True,104,0.3417,0.1871,0.1232
116,99,2.3,0,12,42,0.11087779961526395,27,14,True,112,0.3649,0.1998,0.1269
117,42,2.5,0,19,65,0.2856853034347296,39,18,True,8,0.0022,0.0816,0.0814
117,1337,3.6,0,19,65,0.2856853034347296,39,18,True,8,0.0044,0.0808,0.0805
117,2026,2.8,0,19,65,0.2856853034347296,39,18,True,8,0.0022,0.0794,0.0792
117,7,2.6,0,19,65,0.2856853034347296,39,18,False,70,0.4349,nan,nan
117,99,3.0,0,19,65,0.2856853034347296,39,18,True,8,0.0044,0.0808,0.0805
118,42,2.2,0,18,23,0.024783489108085633,10,29,True,119,0.3735,0.1997,0.1251
118,1337,3.0,0,18,23,0.024783489108085633,10,29,True,120,0.3907,0.2084,0.127
118,2026,2.2,0,18,23,0.024783489108085633,10,29,True,118,0.3888,0.2044,0.1249
118,7,2.6,0,18,23,0.024783489108085633,10,29,True,117,0.3807,0.2009,0.1244
118,99,2.7,0,18,23,0.024783489108085633,10,29,True,118,0.3874,0.2038,0.1249
119,42,2.3,0,3,47,0.3999763250350952,54,6,True,7,0.0038,0.0654,0.0651
119,1337,2.3,0,3,47,0.3999763250350952,54,6,True,7,0.0038,0.0654,0.0651
119,2026,2.5,0,3,47,0.3999763250350952,54,6,False,61,0.4096,nan,nan
119,7,3.0,0,3,47,0.3999763250350952,54,6,True,7,0.0038,0.0654,0.0651
119,99,2.3,0,3,47,0.3999763250350952,54,6,True,7,0.0038,0.0654,0.0651
120,42,2.8,0,5,36,0.03985687717795372,33,23,True,90,0.3497,0.1918,0.1247
120,1337,2.4,0,5,36,0.03985687717795372,33,23,True,87,0.3577,0.1927,0.1238
120,2026,2.0,0,5,36,0.03985687717795372,33,23,True,83,0.3367,0.1854,0.123
120,7,2.3,0,5,36,0.03985687717795372,33,23,True,94,0.3727,0.2007,0.1259
120,99,1.9,0,5,36,0.03985687717795372,33,23,True,95,0.3598,0.1978,0.1266
121,42,2.9,0,17,73,0.36505583450198176,31,7,True,10,0.0041,0.0731,0.0728
121,1337,3.0,0,17,73,0.36505583450198176,31,7,True,10,0.0023,0.0719,0.0717
121,2026,3.5,0,17,73,0.36505583450198176,31,7,True,10,0.0023,0.0734,0.0732
121,7,2.7,0,17,73,0.36505583450198176,31,7,True,10,0.0023,0.0725,0.0723
121,99,2.9,0,17,73,0.36505583450198176,31,7,True,10,0.0025,0.072,0.0718
122,42,2.4,0,21,18,0.1260290030390024,60,12,True,63,0.3432,0.1682,0.1104
122,1337,3.1,0,21,18,0.1260290030390024,60,12,True,66,0.3459,0.1681,0.1099
122,2026,2.4,0,21,18,0.1260290030390024,60,12,True,60,0.3468,0.1688,0.1103
122,7,2.6,0,21,18,0.1260290030390024,60,12,True,64,0.3308,0.1686,0.1128
122,99,2.8,0,21,18,0.1260290030390024,60,12,True,57,0.3248,0.1597,0.1079
123,42,2.0,0,11,55,0.2508304212242365,6,22,False,113,0.4327,nan,nan
123,1337,2.1,0,11,55,0.2508304212242365,6,22,False,118,0.4383,nan,nan
123,2026,3.7,0,11,55,0.2508304212242365,6,22,False,115,0.4428,nan,nan
123,7,4.8,0,11,55,0.2508304212242365,6,22,False,120,0.452,nan,nan
123,99,2.4,0,11,55,0.2508304212242365,6,22,False,108,0.4173,nan,nan
124,42,4.3,0,8,20,0.31202877387404443,13,18,False,139,0.4239,nan,nan
124,1337,4.0,0,8,20,0.31202877387404443,13,18,False,145,0.4272,nan,nan
124,2026,3.9,0,8,20,0.31202877387404443,13,18,False,140,0.4375,nan,nan
124,7,4.1,0,8,20,0.31202877387404443,13,18,False,141,0.433,nan,nan
124,99,2.5,0,8,20,0.31202877387404443,13,18,False,153,0.4467,nan,nan
125,42,3.7,0,24,53,0.08683058544993401,53,16,True,61,0.322,0.1675,0.1135
125,1337,4.4,0,24,53,0.08683058544993401,53,16,True,65,0.3184,0.1712,0.1167
125,2026,4.0,0,24,53,0.08683058544993401,53,16,True,68,0.3493,0.181,0.1178
125,7,3.8,0,24,53,0.08683058544993401,53,16,True,64,0.3354,0.1809,0.1202
125,99,4.1,0,24,53,0.08683058544993401,53,16,True,69,0.3732,0.1857,0.1164
126,42,2.8,0,14,38,0.22280564941465855,24,3,True,156,0.3124,0.1764,0.1213
126,1337,2.3,0,14,38,0.22280564941465855,24,3,True,150,0.3082,0.182,0.1259
126,2026,4.2,0,14,38,0.22280564941465855,24,3,True,158,0.3194,0.1828,0.1244
126,7,2.9,0,14,38,0.22280564941465855,24,3,True,156,0.322,0.1826,0.1238
126,99,2.9,0,14,38,0.22280564941465855,24,3,True,153,0.3164,0.1835,0.1254
127,42,3.2,0,7,71,0.19800347425043585,40,27,False,61,0.4224,nan,nan
127,1337,2.3,0,7,71,0.19800347425043585,40,27,False,68,0.4482,nan,nan
127,2026,2.0,0,7,71,0.19800347425043585,40,27,False,66,0.4515,nan,nan
127,7,2.2,0,7,71,0.19800347425043585,40,27,False,64,0.459,nan,nan
127,99,2.4,0,7,71,0.19800347425043585,40,27,True,55,0.3699,0.1819,0.1146
