pt,dedup,seed,min_cluster_size,min_samples,n_neighbors,secs,accepted,n_clusters,noise_ratio,silhouette,adjusted
0,0,42,5,5,24,2.7,True,444,0.293,0.1951,0.1379
0,0,1337,5,5,24,2.0,True,467,0.2974,0.1852,0.1302
0,0,2026,5,5,24,2.0,True,471,0.3148,0.1951,0.1337
0,0,7,5,5,24,2.0,True,473,0.3024,0.189,0.1318
0,0,99,5,5,24,2.0,True,469,0.298,0.1836,0.1289
1,0,42,5,5,60,2.0,True,361,0.3466,0.1995,0.1304
1,0,1337,5,5,60,2.1,True,378,0.3481,0.2061,0.1344
1,0,2026,5,5,60,2.0,True,359,0.3364,0.1998,0.1326
1,0,7,5,5,60,2.1,True,369,0.3394,0.2013,0.133
1,0,99,5,5,60,2.0,True,357,0.3471,0.207,0.1351
2,0,42,5,15,24,2.1,True,213,0.3542,0.205,0.1324
2,0,1337,5,15,24,2.1,True,212,0.3557,0.1999,0.1288
2,0,2026,5,15,24,2.0,True,208,0.3458,0.1992,0.1303
2,0,7,5,15,24,2.0,True,210,0.358,0.2052,0.1318
2,0,99,5,15,24,2.7,True,217,0.3636,0.2038,0.1297
3,0,42,5,15,60,1.9,False,174,0.4174,nan,nan
3,0,1337,5,15,60,2.0,True,163,0.3949,0.2146,0.1298
3,0,2026,5,15,60,1.8,False,172,0.4086,nan,nan
3,0,7,5,15,60,1.9,False,172,0.4113,nan,nan
3,0,99,5,15,60,1.8,False,173,0.4119,nan,nan
4,0,42,19,5,24,2.1,True,208,0.2873,0.1774,0.1265
4,0,1337,19,5,24,2.0,True,188,0.2782,0.1808,0.1305
4,0,2026,19,5,24,2.0,True,201,0.267,0.1741,0.1276
4,0,7,19,5,24,3.0,True,199,0.2966,0.1804,0.1269
4,0,99,19,5,24,2.1,True,195,0.2758,0.1772,0.1283
5,0,42,19,5,60,2.1,True,154,0.3175,0.1864,0.1272
5,0,1337,19,5,60,2.0,True,170,0.3595,0.2022,0.1295
5,0,2026,19,5,60,2.2,True,166,0.3404,0.1975,0.1303
5,0,7,19,5,60,2.0,True,154,0.3421,0.1988,0.1308
5,0,99,19,5,60,2.1,True,155,0.3207,0.189,0.1284
6,0,42,19,15,24,2.0,True,153,0.33,0.1928,0.1292
6,0,1337,19,15,24,2.0,True,156,0.329,0.1931,0.1296
6,0,2026,19,15,24,2.0,True,157,0.3341,0.1932,0.1286
6,0,7,19,15,24,2.5,True,157,0.339,0.1969,0.1301
6,0,99,19,15,24,2.1,True,158,0.3327,0.194,0.1295
7,0,42,19,15,60,2.1,True,124,0.3744,0.2028,0.1268
7,0,1337,19,15,60,2.0,True,123,0.3778,0.2046,0.1273
7,0,2026,19,15,60,2.0,True,130,0.3876,0.2126,0.1302
7,0,7,19,15,60,2.0,True,129,0.3944,0.2138,0.1295
7,0,99,19,15,60,2.0,True,127,0.3812,0.2062,0.1276
8,0,42,5,10,42,2.1,True,244,0.3521,0.2042,0.1323
8,0,1337,5,10,42,2.0,True,245,0.3621,0.2069,0.132
8,0,2026,5,10,42,2.0,True,249,0.3747,0.2118,0.1325
8,0,7,5,10,42,2.0,True,251,0.3835,0.216,0.1332
8,0,99,5,10,42,2.0,True,262,0.3923,0.2211,0.1344
9,0,42,19,10,42,2.1,True,150,0.341,0.1965,0.1295
9,0,1337,19,10,42,2.6,True,150,0.3364,0.1964,0.1303
9,0,2026,19,10,42,3.8,True,141,0.3261,0.1852,0.1248
9,0,7,19,10,42,2.5,True,151,0.3353,0.197,0.131
9,0,99,19,10,42,2.6,True,149,0.3484,0.2016,0.1313
10,0,42,12,5,42,2.5,True,241,0.3128,0.1936,0.1331
10,0,1337,12,5,42,2.2,True,245,0.3283,0.1974,0.1326
10,0,2026,12,5,42,2.5,True,252,0.3254,0.1989,0.1342
10,0,7,12,5,42,2.7,True,244,0.3087,0.1942,0.1342
10,0,99,12,5,42,2.8,True,234,0.309,0.191,0.132
11,0,42,12,15,42,3.1,True,165,0.3775,0.2107,0.1311
11,0,1337,12,15,42,4.0,True,160,0.3678,0.2074,0.1311
11,0,2026,12,15,42,3.0,True,159,0.367,0.2067,0.1308
11,0,7,12,15,42,2.5,True,168,0.3782,0.2134,0.1327
11,0,99,12,15,42,2.6,True,169,0.3905,0.2183,0.133
12,0,42,12,10,24,2.3,True,241,0.3241,0.1981,0.1339
12,0,1337,12,10,24,2.2,True,235,0.325,0.2005,0.1353
12,0,2026,12,10,24,2.4,True,247,0.336,0.2043,0.1356
12,0,7,12,10,24,2.5,True,234,0.3259,0.199,0.1342
12,0,99,12,10,24,2.6,True,243,0.3364,0.2042,0.1355
13,0,42,12,10,60,2.2,True,180,0.3588,0.2042,0.1309
13,0,1337,12,10,60,2.2,True,176,0.3627,0.2087,0.133
13,0,2026,12,10,60,2.1,True,181,0.3766,0.2125,0.1325
13,0,7,12,10,60,2.2,True,182,0.3766,0.2095,0.1306
13,0,99,12,10,60,2.4,True,186,0.3835,0.2199,0.1356
14,0,42,12,10,42,2.2,True,200,0.3565,0.2068,0.1331
14,0,1337,12,10,42,2.2,True,208,0.3604,0.2108,0.1348
14,0,2026,12,10,42,2.4,True,211,0.366,0.2075,0.1316
14,0,7,12,10,42,2.4,True,207,0.3648,0.2111,0.1341
14,0,99,12,10,42,2.5,True,201,0.3592,0.2096,0.1343
15,0,42,12,10,42,0.2,True,200,0.3565,0.2067,0.1331
15,0,1337,12,10,42,0.3,True,208,0.3604,0.2108,0.1348
15,0,2026,12,10,42,0.2,True,211,0.366,0.2075,0.1316
15,0,7,12,10,42,0.2,True,207,0.3648,0.2111,0.1341
15,0,99,12,10,42,0.3,True,201,0.3592,0.2096,0.1343
16,0,42,12,10,42,0.2,True,200,0.3565,0.2068,0.1331
16,0,1337,12,10,42,0.2,True,208,0.3604,0.2108,0.1348
16,0,2026,12,10,42,0.2,True,211,0.366,0.2075,0.1316
16,0,7,12,10,42,0.2,True,207,0.3648,0.2111,0.1341
16,0,99,12,10,42,0.2,True,201,0.3592,0.2096,0.1343
17,0,42,12,10,42,0.2,True,200,0.3565,0.2068,0.1331
17,0,1337,12,10,42,0.2,True,208,0.3604,0.2108,0.1348
17,0,2026,12,10,42,0.2,True,211,0.366,0.2075,0.1316
17,0,7,12,10,42,0.2,True,207,0.3648,0.2111,0.1341
17,0,99,12,10,42,0.3,True,201,0.3592,0.2096,0.1343
18,0,42,12,10,42,0.2,True,200,0.3565,0.2068,0.1331
18,0,1337,12,10,42,0.3,True,208,0.3604,0.2108,0.1348
18,0,2026,12,10,42,0.2,True,211,0.366,0.2075,0.1316
18,0,7,12,10,42,0.2,True,207,0.3648,0.2111,0.1341
18,0,99,12,10,42,0.2,True,201,0.3592,0.2096,0.1343
19,0,42,12,10,42,0.3,True,200,0.3565,0.2068,0.1331
19,0,1337,12,10,42,0.3,True,208,0.3604,0.2108,0.1348
19,0,2026,12,10,42,0.3,True,211,0.366,0.2075,0.1316
19,0,7,12,10,42,0.2,True,207,0.3648,0.2111,0.1341
19,0,99,12,10,42,0.3,True,201,0.3592,0.2096,0.1343
0,1,42,5,5,24,1.6,True,440,0.2772,0.1607,0.1161
0,1,1337,5,5,24,2.1,True,467,0.3127,0.1644,0.113
0,1,2026,5,5,24,1.5,True,452,0.2968,0.1605,0.1129
0,1,7,5,5,24,2.3,True,438,0.2728,0.1558,0.1133
0,1,99,5,5,24,2.1,True,472,0.3265,0.1581,0.1065
1,1,42,5,5,60,1.6,True,346,0.3412,0.1313,0.0865
1,1,1337,5,5,60,2.0,True,348,0.3481,0.1376,0.0897
1,1,2026,5,5,60,1.9,True,352,0.3483,0.1666,0.1086
1,1,7,5,5,60,1.8,True,340,0.3411,0.1665,0.1097
1,1,99,5,5,60,1.8,True,342,0.3275,0.1742,0.1172
2,1,42,5,15,24,2.1,True,201,0.3483,0.1653,0.1078
2,1,1337,5,15,24,2.4,True,205,0.3577,0.1675,0.1076
2,1,2026,5,15,24,2.9,True,204,0.3523,0.1665,0.1079
2,1,7,5,15,24,1.9,True,213,0.3731,0.1731,0.1085
2,1,99,5,15,24,2.6,True,212,0.3607,0.1679,0.1074
3,1,42,5,15,60,1.5,False,158,0.4254,nan,nan
3,1,1337,5,15,60,1.7,False,169,0.4034,nan,nan
3,1,2026,5,15,60,1.8,False,166,0.4016,nan,nan
3,1,7,5,15,60,2.5,False,165,0.4161,nan,nan
3,1,99,5,15,60,1.9,False,166,0.4088,nan,nan
4,1,42,19,5,24,2.5,True,201,0.2908,0.1448,0.1027
4,1,1337,19,5,24,2.3,True,191,0.2928,0.1537,0.1087
4,1,2026,19,5,24,2.3,True,196,0.2797,0.1484,0.1069
4,1,7,19,5,24,2.3,True,194,0.2943,0.1525,0.1076
4,1,99,19,5,24,2.2,True,195,0.2937,0.1509,0.1066
5,1,42,19,5,60,3.2,True,155,0.3482,0.1646,0.1073
5,1,1337,19,5,60,3.1,True,151,0.3345,0.1277,0.085
5,1,2026,19,5,60,2.1,True,147,0.3248,0.1245,0.0841
5,1,7,19,5,60,2.9,True,151,0.3402,0.1229,0.0811
5,1,99,19,5,60,1.6,True,145,0.3441,0.1272,0.0834
6,1,42,19,15,24,2.0,True,143,0.3227,0.1589,0.1076
6,1,1337,19,15,24,2.4,True,150,0.3358,0.1602,0.1064
6,1,2026,19,15,24,2.0,True,149,0.3296,0.1604,0.1075
6,1,7,19,15,24,1.9,True,150,0.326,0.1577,0.1063
6,1,99,19,15,24,2.6,True,150,0.3308,0.1591,0.1065
7,1,42,19,15,60,2.9,True,110,0.3582,0.1314,0.0843
7,1,1337,19,15,60,2.8,True,115,0.3687,0.1368,0.0863
7,1,2026,19,15,60,2.6,True,112,0.3693,0.1374,0.0867
7,1,7,19,15,60,2.5,True,130,0.3975,0.1432,0.0863
7,1,99,19,15,60,2.0,True,111,0.3714,0.1367,0.086
8,1,42,5,10,42,2.9,True,236,0.3589,0.1703,0.1092
8,1,1337,5,10,42,2.6,True,231,0.358,0.1677,0.1077
8,1,2026,5,10,42,2.0,True,234,0.3507,0.1673,0.1086
8,1,7,5,10,42,1.7,True,236,0.3642,0.1684,0.107
8,1,99,5,10,42,2.4,True,238,0.3692,0.1711,0.1079
9,1,42,19,10,42,1.7,True,148,0.3656,0.1693,0.1074
9,1,1337,19,10,42,1.9,True,149,0.3526,0.1714,0.111
9,1,2026,19,10,42,2.5,True,136,0.3204,0.1592,0.1082
9,1,7,19,10,42,2.1,True,138,0.3503,0.1666,0.1083
9,1,99,19,10,42,2.3,True,141,0.3376,0.161,0.1067
10,1,42,12,5,42,1.8,True,232,0.3213,0.1628,0.1105
10,1,1337,12,5,42,1.7,True,234,0.3181,0.1637,0.1116
10,1,2026,12,5,42,1.4,True,234,0.3168,0.1599,0.1092
10,1,7,12,5,42,2.1,True,228,0.3208,0.1644,0.1116
10,1,99,12,5,42,2.9,True,243,0.3233,0.1666,0.1128
11,1,42,12,15,42,2.5,True,152,0.3772,0.176,0.1096
11,1,1337,12,15,42,2.8,True,156,0.3832,0.1759,0.1085
11,1,2026,12,15,42,2.1,False,158,0.4197,nan,nan
11,1,7,12,15,42,1.8,True,164,0.3856,0.1743,0.1071
11,1,99,12,15,42,2.4,True,158,0.3775,0.1767,0.11
12,1,42,12,10,24,3.4,True,212,0.3055,0.1568,0.1089
12,1,1337,12,10,24,2.2,True,222,0.3058,0.1603,0.1113
12,1,2026,12,10,24,2.4,True,232,0.3284,0.1684,0.1131
12,1,7,12,10,24,2.2,True,236,0.3363,0.1681,0.1116
12,1,99,12,10,24,2.5,True,236,0.3263,0.1661,0.1119
13,1,42,12,10,60,1.8,True,173,0.366,0.1412,0.0895
13,1,1337,12,10,60,1.4,True,178,0.3819,0.1469,0.0908
13,1,2026,12,10,60,2.1,True,171,0.3667,0.1749,0.1108
13,1,7,12,10,60,1.6,True,176,0.3803,0.179,0.1109
13,1,99,12,10,60,2.4,True,175,0.3632,0.1395,0.0888
14,1,42,12,10,42,3.8,True,197,0.3642,0.1736,0.1104
14,1,1337,12,10,42,2.6,True,197,0.3497,0.1674,0.1088
14,1,2026,12,10,42,2.0,True,187,0.3858,0.1163,0.0714
14,1,7,12,10,42,3.0,True,188,0.3496,0.1667,0.1084
14,1,99,12,10,42,3.2,True,203,0.3595,0.1744,0.1117
15,1,42,12,10,42,0.2,True,197,0.3642,0.1736,0.1104
15,1,1337,12,10,42,0.2,True,197,0.3497,0.1674,0.1088
15,1,2026,12,10,42,0.2,True,187,0.3858,0.1163,0.0714
15,1,7,12,10,42,0.2,True,188,0.3496,0.1667,0.1084
15,1,99,12,10,42,0.2,True,203,0.3595,0.1744,0.1117
16,1,42,12,10,42,0.2,True,197,0.3642,0.1736,0.1104
16,1,1337,12,10,42,0.2,True,197,0.3497,0.1674,0.1088
16,1,2026,12,10,42,0.2,True,187,0.3858,0.1163,0.0714
16,1,7,12,10,42,0.2,True,188,0.3496,0.1667,0.1084
16,1,99,12,10,42,0.2,True,203,0.3595,0.1744,0.1117
17,1,42,12,10,42,0.2,True,197,0.3642,0.1736,0.1104
17,1,1337,12,10,42,0.2,True,197,0.3497,0.1674,0.1088
17,1,2026,12,10,42,0.2,True,187,0.3858,0.1163,0.0714
17,1,7,12,10,42,0.2,True,188,0.3496,0.1667,0.1084
17,1,99,12,10,42,0.2,True,203,0.3595,0.1744,0.1117
18,1,42,12,10,42,0.2,True,197,0.3642,0.1736,0.1104
18,1,1337,12,10,42,0.2,True,197,0.3497,0.1674,0.1088
18,1,2026,12,10,42,0.2,True,187,0.3858,0.1163,0.0714
18,1,7,12,10,42,0.2,True,188,0.3496,0.1667,0.1084
18,1,99,12,10,42,0.2,True,203,0.3595,0.1744,0.1117
19,1,42,12,10,42,0.2,True,197,0.3642,0.1736,0.1104
19,1,1337,12,10,42,0.2,True,197,0.3497,0.1674,0.1088
19,1,2026,12,10,42,0.2,True,187,0.3858,0.1163,0.0714
19,1,7,12,10,42,0.2,True,188,0.3496,0.1667,0.1084
19,1,99,12,10,42,0.2,True,203,0.3595,0.1744,0.1117
