emb,method,seed,accepted,n_clusters,noise_ratio,silhouette,adjusted
d08,hdbscan,1337,True,262,0.3462,0.2042,0.1335
d08,hdbscan,2026,True,253,0.3324,0.1992,0.133
d08,dbscan,1337,True,102,0.3829,0.1716,0.1059
d08,dbscan,2026,True,101,0.3882,0.1624,0.0993
d08,leiden,1337,True,110,0.0,0.1131,0.1131
d08,leiden,2026,True,113,0.0,0.1111,0.1111
d08,agglo,1337,True,225,0.0,0.02,0.02
d08,agglo,2026,True,225,0.0,0.015,0.015
d11,hdbscan,1337,True,245,0.3239,0.196,0.1325
d11,hdbscan,2026,True,253,0.323,0.1973,0.1336
d11,dbscan,1337,True,101,0.3972,0.156,0.094
d11,dbscan,2026,True,100,0.3867,0.17,0.1043
d11,leiden,1337,True,83,0.0,0.1115,0.1115
d11,leiden,2026,True,78,0.0,0.1103,0.1103
d11,agglo,1337,True,75,0.0,0.028,0.028
d11,agglo,2026,True,75,0.0,0.1147,0.1147
d16,hdbscan,1337,True,305,0.3209,0.1989,0.1351
d16,hdbscan,2026,True,327,0.3342,0.1998,0.133
d16,dbscan,1337,True,100,0.3888,0.1677,0.1025
d16,dbscan,2026,False,99,0.4077,nan,nan
d16,leiden,1337,True,113,0.0,0.1129,0.1129
d16,leiden,2026,True,112,0.0,0.1121,0.1121
d16,agglo,1337,True,75,0.0,0.0271,0.0271
d16,agglo,2026,True,75,0.0,0.1171,0.1171
