run_id,d,n_neighbors,min_dist,min_cluster_size,min_samples,n_rep,mean_adj,std_adj,sn_ratio,mean_clusters,mean_noise,ari_stability
0,7,32,0.2023,31,21,3,0.1228,0.0006,-18.2153,82.3333,0.3857,0.7323
1,14,74,0.1771,33,10,4,0.1232,0.0016,-18.1917,81.0,0.3849,0.7017
2,23,15,0.313,6,9,3,0.1337,0.0017,-17.4791,290.0,0.3854,0.6842
3,9,57,0.0882,60,25,3,0.1134,0.002,-18.9106,51.0,0.3762,0.602
4,11,22,0.1489,52,29,4,0.1185,0.0012,-18.5261,58.5,0.3789,0.7672
5,21,50,0.2741,14,5,5,0.1291,0.0015,-17.7813,188.2,0.384,0.6224
6,17,38,0.035,40,14,5,0.1235,0.0018,-18.1699,84.6,0.3417,0.7169
8,3,12,0.0004,18,13,5,0.1247,0.0007,-18.0847,198.8,0.2647,0.5031
9,18,62,0.3752,46,23,5,0.0781,0.0001,-22.1466,7.0,0.0064,0.9999
10,19,29,0.1142,20,25,4,0.1258,0.001,-18.0099,112.0,0.3887,0.7946
11,13,79,0.2894,45,8,5,0.0848,0.0152,-21.7454,18.6,0.0837,0.6196
12,10,44,0.3469,39,5,4,0.0842,0.0212,-22.089,28.0,0.0941,0.5286
13,22,64,0.0721,27,27,5,0.1236,0.0036,-18.1688,85.6,0.3691,0.6681
14,16,27,0.2361,53,20,2,0.0894,0.0274,-22.2157,33.5,0.201,0.0856
16,5,24,0.3876,41,26,5,0.0652,0.0001,-23.7177,8.0,0.0079,1.0
17,15,48,0.0128,23,9,5,0.1293,0.002,-17.7688,131.2,0.3102,0.6427
18,21,41,0.277,51,11,4,0.0882,0.0167,-21.4585,22.25,0.1036,0.5309
19,9,65,0.1018,15,21,3,0.1277,0.0002,-17.8795,110.3333,0.3876,0.6854
20,12,30,0.0596,8,18,5,0.1296,0.0005,-17.746,168.6,0.3696,0.7236
21,19,76,0.3344,58,14,5,0.0764,0.0005,-22.3418,6.0,0.0114,0.9923
22,18,13,0.1735,30,6,5,0.1139,0.0181,-19.3506,124.4,0.2997,0.6346
24,4,38,0.1896,55,7,5,0.1143,0.0013,-18.8405,62.4,0.3545,0.6218
26,20,21,0.0758,37,22,5,0.1229,0.0014,-18.2115,90.4,0.3621,0.7634
27,11,53,0.3006,29,12,5,0.0795,0.0203,-22.5626,24.6,0.0741,0.6271
28,8,19,0.2615,22,15,5,0.1279,0.0013,-17.8632,127.4,0.3768,0.7505
29,23,55,0.1363,44,18,5,0.1168,0.0014,-18.6505,69.4,0.3676,0.7552
30,14,36,0.3723,16,27,5,0.0681,0.0051,-23.4036,11.2,0.0027,0.9172
31,6,72,0.0475,48,3,5,0.1188,0.0023,-18.5058,80.6,0.3012,0.5362
32,6,16,0.1188,36,17,5,0.1216,0.0008,-18.3038,97.4,0.3609,0.7445
33,13,58,0.294,30,13,3,0.103,0.0224,-20.5217,52.6667,0.2442,0.2867
34,23,33,0.0082,57,5,5,0.1144,0.0013,-18.8362,77.6,0.2713,0.6076
35,8,75,0.383,7,28,4,0.0696,0.0005,-23.1508,11.0,0.0014,0.9995
37,20,68,0.1531,50,8,5,0.1164,0.0018,-18.6835,66.0,0.3661,0.688
38,16,23,0.3423,23,11,4,0.1273,0.001,-17.9044,121.25,0.382,0.7265
39,4,51,0.0674,42,20,5,0.119,0.0016,-18.4927,72.0,0.3741,0.707
40,2,28,0.3208,49,16,5,0.0696,0.0014,-23.1564,16.2,0.0135,0.8091
42,19,11,0.207,43,28,3,0.0624,0.0017,-24.1072,15.6667,0.0348,0.9767
43,12,61,0.1818,21,4,5,0.1282,0.0009,-17.8455,146.2,0.342,0.5839
44,10,26,0.0303,28,8,5,0.1241,0.0007,-18.1226,127.2,0.299,0.6341
45,22,46,0.3551,37,24,5,0.0717,0.0003,-22.8901,10.0,0.0023,0.9997
48,5,42,0.0836,25,30,4,0.1204,0.0041,-18.4007,85.0,0.3714,0.6945
49,15,66,0.3084,41,6,5,0.0804,0.0001,-21.8943,8.0,0.0045,1.0
50,23,25,0.1942,12,14,5,0.1326,0.0006,-17.5517,184.6,0.3848,0.7442
51,10,49,0.2194,52,18,5,0.1191,0.0017,-18.4856,57.2,0.3867,0.7644
52,13,14,0.3676,59,22,5,0.063,0.0026,-24.0319,6.4,0.0098,0.9994
53,20,60,0.0428,5,11,5,0.1295,0.0017,-17.7545,204.6,0.3676,0.6317
54,18,31,0.2537,34,9,4,0.1241,0.0003,-18.1258,90.5,0.3794,0.728
55,3,77,0.1285,32,26,4,0.1213,0.0016,-18.328,72.75,0.3828,0.6873
56,4,20,0.2816,11,4,5,0.13,0.0026,-17.7284,296.0,0.3163,0.5193
57,17,52,0.1064,55,27,5,0.1142,0.0027,-18.8543,53.2,0.3663,0.7163
58,21,37,0.3954,26,19,5,0.0682,0.0022,-23.3418,11.0,0.0025,0.9997
59,11,69,0.0206,38,15,5,0.1185,0.0026,-18.5346,73.2,0.3371,0.6391
60,9,34,0.1657,45,12,4,0.1218,0.0015,-18.289,75.25,0.3729,0.7588
62,14,17,0.0549,48,24,5,0.1153,0.0027,-18.7693,71.8,0.3448,0.7509
64,7,22,0.0699,54,13,5,0.1119,0.0019,-19.029,75.2,0.3261,0.7324
65,14,51,0.3451,12,17,4,0.0646,0.0001,-23.8014,14.0,0.0012,1.0
66,24,40,0.1592,38,29,2,0.1213,0.0008,-18.3232,66.0,0.3735,0.7966
67,9,69,0.234,26,5,5,0.1255,0.0015,-18.0285,111.2,0.3799,0.6304
68,12,34,0.3796,20,8,5,0.0643,0.0,-23.8299,14.0,0.0001,1.0
69,21,75,0.0044,45,26,5,0.1174,0.0026,-18.6148,58.8,0.3404,0.6471
71,4,57,0.1187,47,10,5,0.1115,0.0024,-19.0628,68.6,0.3325,0.5948
72,3,43,0.2711,40,19,3,0.1007,0.0204,-20.6049,47.0,0.2627,0.3035
73,18,64,0.1463,25,16,5,0.1272,0.0016,-17.9154,98.2,0.3955,0.7389
74,20,25,0.3573,51,4,5,0.0677,0.006,-23.4696,7.8,0.0055,0.9998
75,13,46,0.0321,13,28,3,0.1239,0.0027,-18.1413,102.0,0.3687,0.7029
76,10,10,0.1808,6,24,2,0.1195,0.0009,-18.4538,137.0,0.3914,0.774
77,22,61,0.2056,59,8,5,0.1051,0.0133,-19.8403,47.4,0.2861,0.481
78,15,28,0.0916,32,13,5,0.123,0.0006,-18.2017,109.4,0.336,0.7356
79,6,79,0.3168,34,23,2,0.0712,0.0,-22.9461,10.0,0.0014,1.0
80,5,32,0.1338,17,6,5,0.1305,0.0009,-17.6871,193.4,0.3206,0.6394
81,15,77,0.2586,49,30,3,0.0853,0.0186,-21.8958,20.6667,0.1376,0.3735
82,22,14,0.0445,21,18,5,0.1268,0.0008,-17.9352,163.4,0.3181,0.7066
83,9,59,0.3697,43,15,5,0.0739,0.0025,-22.6462,7.6,0.006,0.9952
84,12,25,0.2181,36,11,5,0.1231,0.0009,-18.1926,90.0,0.3793,0.7515
85,19,48,0.1933,28,21,2,0.1232,0.0006,-18.1861,81.0,0.3927,0.7828
86,17,43,0.3042,56,26,5,0.0777,0.0014,-22.1974,6.0,0.0089,0.9998
87,2,66,0.079,10,10,5,0.1043,0.0063,-19.6781,183.4,0.3346,0.3368
88,3,17,0.3327,31,27,2,0.0668,0.0002,-23.5023,10.0,0.0028,0.9933
89,16,54,0.0575,35,3,5,0.1214,0.0012,-18.3157,101.8,0.2871,0.5246
91,11,72,0.1717,57,19,4,0.1101,0.0017,-19.1676,49.75,0.3698,0.6947
92,8,37,0.017,50,22,5,0.1227,0.0018,-18.2261,69.6,0.3416,0.7252
93,23,70,0.3922,14,12,5,0.0654,0.0008,-23.696,14.6,0.0009,0.9997
94,13,19,0.1062,42,7,5,0.1184,0.0016,-18.5385,95.2,0.3074,0.6822
97,13,68,0.0274,56,20,5,0.1172,0.0014,-18.6248,56.6,0.3566,0.7082
99,8,50,0.1385,38,9,5,0.12,0.0011,-18.4168,79.0,0.35,0.6995
100,10,14,0.0994,44,5,5,0.109,0.0186,-19.8137,95.8,0.285,0.6039
101,20,56,0.3246,22,29,5,0.0715,0.0007,-22.9166,10.4,0.0024,0.993
102,16,32,0.1855,48,17,3,0.1201,0.001,-18.4118,66.0,0.3714,0.7238
104,3,27,0.1514,23,23,2,0.1198,0.002,-18.4358,109.5,0.3907,0.6567
105,18,46,0.2262,42,13,4,0.1208,0.0007,-18.3599,70.5,0.3825,0.7284
106,19,45,0.0653,15,7,5,0.1301,0.0017,-17.7165,185.2,0.3364,0.6205
107,12,65,0.3405,51,25,4,0.0807,0.0021,-21.8694,7.5,0.0059,0.9998
108,9,29,0.2982,58,28,5,0.0637,0.0014,-23.9183,7.6,0.0075,0.9953
109,22,80,0.1234,8,4,5,0.1328,0.0012,-17.535,290.6,0.3544,0.5277
110,15,11,0.3874,35,16,5,0.0669,0.0014,-23.4927,9.0,0.0045,0.9997
111,5,62,0.0122,29,20,5,0.1264,0.001,-17.9627,89.2,0.3506,0.7221
112,6,12,0.2387,47,9,5,0.1052,0.0191,-20.1954,80.2,0.3526,0.7118
114,22,31,0.328,46,21,5,0.0648,0.0001,-23.7644,8.0,0.0066,1.0
115,10,76,0.0528,20,11,5,0.13,0.0007,-17.7218,122.4,0.3646,0.673
116,12,42,0.1109,27,14,5,0.125,0.0019,-18.0632,110.0,0.3617,0.7154
117,19,65,0.2857,39,18,4,0.0804,0.0008,-21.8976,8.0,0.0033,0.9841
118,18,23,0.0248,10,29,5,0.1253,0.0009,-18.045,118.4,0.3842,0.765
119,3,47,0.4,54,6,4,0.0651,0.0,-23.7248,7.0,0.0038,1.0
120,5,36,0.0399,33,23,5,0.1248,0.0013,-18.0767,89.8,0.3553,0.7094
121,17,73,0.3651,31,7,5,0.0724,0.0006,-22.8095,10.0,0.0027,0.9949
122,21,18,0.126,60,12,5,0.1103,0.0016,-19.1532,62.0,0.3383,0.73
125,24,53,0.0868,53,16,5,0.1169,0.0022,-18.6466,65.4,0.3397,0.7534
126,14,38,0.2228,24,3,5,0.1242,0.0016,-18.1214,154.6,0.3157,0.546
