method,param,secs,accepted,n_clusters,noise_ratio,silhouette,adjusted
hdbscan,"{""mcs"": 8, ""ms"": 5}",1.1,True,295,0.3092,0.1888,0.1304
hdbscan,"{""mcs"": 8, ""ms"": 8}",0.2,True,241,0.3327,0.1951,0.1302
hdbscan,"{""mcs"": 8, ""ms"": 15}",0.2,True,170,0.3855,0.2158,0.1326
hdbscan,"{""mcs"": 11, ""ms"": 5}",0.2,True,240,0.3189,0.1923,0.131
hdbscan,"{""mcs"": 11, ""ms"": 8}",0.2,True,219,0.3592,0.2081,0.1333
hdbscan,"{""mcs"": 11, ""ms"": 15}",0.2,True,163,0.3872,0.2161,0.1324
hdbscan,"{""mcs"": 15, ""ms"": 5}",0.2,True,199,0.3211,0.1884,0.1279
hdbscan,"{""mcs"": 15, ""ms"": 8}",0.2,True,182,0.3625,0.2039,0.13
hdbscan,"{""mcs"": 15, ""ms"": 15}",0.2,True,149,0.3668,0.2104,0.1332
hdbscan,"{""mcs"": 20, ""ms"": 5}",0.2,True,158,0.3223,0.1859,0.126
hdbscan,"{""mcs"": 20, ""ms"": 8}",0.2,True,155,0.3658,0.2042,0.1295
hdbscan,"{""mcs"": 20, ""ms"": 15}",0.2,True,135,0.3696,0.2094,0.132
hdbscan,"{""mcs"": 30, ""ms"": 5}",0.2,True,104,0.3131,0.1756,0.1206
hdbscan,"{""mcs"": 30, ""ms"": 8}",0.2,True,101,0.3451,0.1907,0.1249
hdbscan,"{""mcs"": 30, ""ms"": 15}",0.2,True,90,0.3503,0.1908,0.124
dbscan,"{""eps"": 0.1, ""ms"": 10}",0.0,False,193,0.5746,nan,nan
dbscan,"{""eps"": 0.1, ""ms"": 25}",0.0,False,54,0.8003,nan,nan
dbscan,"{""eps"": 0.15, ""ms"": 10}",0.2,True,186,0.3435,0.1439,0.0945
dbscan,"{""eps"": 0.15, ""ms"": 25}",0.0,False,85,0.5975,nan,nan
dbscan,"{""eps"": 0.2, ""ms"": 10}",0.3,True,122,0.2057,0.1162,0.0923
dbscan,"{""eps"": 0.2, ""ms"": 25}",0.2,True,106,0.3837,0.1692,0.1042
dbscan,"{""eps"": 0.25, ""ms"": 10}",0.3,True,79,0.1173,0.0744,0.0657
dbscan,"{""eps"": 0.25, ""ms"": 25}",0.3,True,74,0.2572,0.1345,0.0999
dbscan,"{""eps"": 0.35, ""ms"": 10}",0.4,True,31,0.0366,0.0492,0.0474
dbscan,"{""eps"": 0.35, ""ms"": 25}",0.3,True,38,0.0935,0.0728,0.066
dbscan,"{""eps"": 0.5, ""ms"": 10}",0.4,True,22,0.0138,0.0599,0.0591
dbscan,"{""eps"": 0.5, ""ms"": 25}",0.4,True,21,0.0237,0.065,0.0635
leiden,"{""knn"": 15, ""res"": 0.02}",1.9,True,26,0.0,0.0887,0.0887
leiden,"{""knn"": 15, ""res"": 0.05}",1.6,True,32,0.0,0.0986,0.0986
leiden,"{""knn"": 15, ""res"": 0.1}",1.6,True,37,0.0,0.0986,0.0986
leiden,"{""knn"": 15, ""res"": 0.2}",1.6,True,42,0.0,0.1055,0.1055
leiden,"{""knn"": 15, ""res"": 0.4}",1.6,True,50,0.0,0.1056,0.1056
leiden,"{""knn"": 15, ""res"": 0.8}",1.6,True,65,0.0,0.1089,0.1089
leiden,"{""knn"": 15, ""res"": 1.5}",1.6,True,86,0.0,0.1104,0.1104
leiden,"{""knn"": 15, ""res"": 3.0}",1.6,True,114,0.0,0.1144,0.1144
leiden,"{""knn"": 15, ""res"": 5.0}",1.6,True,138,0.0,0.115,0.115
leiden,"{""knn"": 15, ""res"": 8.0}",1.6,True,175,0.0,0.0556,0.0556
leiden,"{""knn"": 30, ""res"": 0.02}",2.5,True,18,0.0,0.1029,0.1029
leiden,"{""knn"": 30, ""res"": 0.05}",2.4,True,20,0.0,0.1034,0.1034
leiden,"{""knn"": 30, ""res"": 0.1}",2.5,True,21,0.0,0.1091,0.1091
leiden,"{""knn"": 30, ""res"": 0.2}",2.4,True,27,0.0,0.1076,0.1076
leiden,"{""knn"": 30, ""res"": 0.4}",2.4,True,36,0.0,0.1043,0.1043
leiden,"{""knn"": 30, ""res"": 0.8}",2.4,True,43,0.0,0.1072,0.1072
leiden,"{""knn"": 30, ""res"": 1.5}",2.4,True,60,0.0,0.1092,0.1092
leiden,"{""knn"": 30, ""res"": 3.0}",2.5,True,84,0.0,0.1131,0.1131
leiden,"{""knn"": 30, ""res"": 5.0}",2.3,True,103,0.0,0.1066,0.1066
leiden,"{""knn"": 30, ""res"": 8.0}",2.4,True,129,0.0,0.0451,0.0451
agglo,"{""link"": ""average"", ""nc"": 75}",2.0,True,75,0.0,-0.0371,-0.0371
agglo,"{""link"": ""average"", ""nc"": 150}",2.1,True,150,0.0,-0.0545,-0.0545
agglo,"{""link"": ""average"", ""nc"": 225}",1.9,True,225,0.0,-0.1146,-0.1146
agglo,"{""link"": ""average"", ""nc"": 300}",1.9,True,300,0.0,-0.1288,-0.1288
agglo,"{""link"": ""ward"", ""nc"": 75}",2.4,True,75,0.0,0.0263,0.0263
agglo,"{""link"": ""ward"", ""nc"": 150}",2.4,True,150,0.0,0.0308,0.0308
agglo,"{""link"": ""ward"", ""nc"": 225}",2.3,True,225,0.0,0.0031,0.0031
agglo,"{""link"": ""ward"", ""nc"": 300}",2.4,True,300,0.0,0.0136,0.0136
