comp,cumvar
1,0.068
2,0.1144
3,0.1505
4,0.1807
5,0.2035
6,0.2252
7,0.2435
8,0.2603
9,0.2765
10,0.2916
11,0.3046
12,0.3167
13,0.3276
14,0.338
15,0.3478
16,0.3565
17,0.3648
18,0.3723
19,0.3796
20,0.3864
21,0.3931
22,0.3995
23,0.4058
24,0.4121
25,0.4179
26,0.4234
27,0.4289
28,0.4341
29,0.4391
30,0.444
31,0.4487
32,0.4533
33,0.4577
34,0.462
35,0.4662
36,0.4704
37,0.4745
38,0.4785
39,0.4824
40,0.486
41,0.4897
42,0.4933
43,0.4969
44,0.5003
45,0.5038
46,0.5071
47,0.5105
48,0.5137
49,0.5169
50,0.52
51,0.523
52,0.5261
53,0.5289
54,0.5318
55,0.5346
56,0.5374
57,0.5401
58,0.5428
59,0.5455
60,0.5482
61,0.5508
62,0.5534
63,0.5559
64,0.5584
65,0.5608
66,0.5633
67,0.5656
68,0.568
69,0.5703
70,0.5726
71,0.5749
72,0.5771
73,0.5793
74,0.5815
75,0.5837
76,0.5858
77,0.5879
78,0.59
79,0.5921
80,0.5941
81,0.5962
82,0.5982
83,0.6001
84,0.6021
85,0.604
86,0.6059
87,0.6078
88,0.6097
89,0.6115
90,0.6133
91,0.6152
92,0.6169
93,0.6187
94,0.6205
95,0.6222
96,0.6239
97,0.6256
98,0.6273
99,0.6289
100,0.6305
101,0.6322
102,0.6338
103,0.6354
104,0.637
105,0.6386
106,0.6401
107,0.6417
108,0.6432
109,0.6447
110,0.6462
111,0.6477
112,0.6492
113,0.6507
114,0.6522
115,0.6536
116,0.6551
117,0.6565
118,0.6579
119,0.6593
120,0.6607
121,0.6621
122,0.6635
123,0.6648
124,0.6662
125,0.6675
126,0.6688
127,0.6702
128,0.6715
129,0.6728
130,0.6741
131,0.6754
132,0.6766
133,0.6779
134,0.6792
135,0.6804
136,0.6817
137,0.6829
138,0.6841
139,0.6854
140,0.6866
141,0.6878
142,0.689
143,0.6901
144,0.6913
145,0.6925
146,0.6936
147,0.6948
148,0.6959
149,0.697
150,0.6982
151,0.6993
152,0.7004
153,0.7015
154,0.7026
155,0.7037
156,0.7048
157,0.7059
158,0.7069
159,0.708
160,0.7091
161,0.7101
162,0.7112
163,0.7122
164,0.7132
165,0.7143
166,0.7153
167,0.7163
168,0.7173
169,0.7184
170,0.7194
171,0.7204
172,0.7214
173,0.7223
174,0.7233
175,0.7243
176,0.7253
177,0.7263
178,0.7272
179,0.7282
180,0.7291
181,0.7301
182,0.731
183,0.7319
184,0.7329
185,0.7338
186,0.7347
187,0.7356
188,0.7366
189,0.7375
190,0.7384
191,0.7393
192,0.7402
193,0.741
194,0.7419
195,0.7428
196,0.7437
197,0.7446
198,0.7454
199,0.7463
200,0.7471
201,0.748
202,0.7488
203,0.7497
204,0.7505
205,0.7514
206,0.7522
207,0.753
208,0.7539
209,0.7547
210,0.7555
211,0.7563
212,0.7571
213,0.7579
214,0.7587
215,0.7595
216,0.7603
217,0.7611
218,0.7619
219,0.7627
220,0.7635
221,0.7643
222,0.765
223,0.7658
224,0.7666
225,0.7673
226,0.7681
227,0.7689
228,0.7696
229,0.7704
230,0.7711
231,0.7718
232,0.7726
233,0.7733
234,0.774
235,0.7748
236,0.7755
237,0.7762
238,0.777
239,0.7777
240,0.7784
241,0.7791
242,0.7798
243,0.7805
244,0.7812
245,0.7819
246,0.7826
247,0.7833
248,0.784
249,0.7846
250,0.7853
251,0.786
252,0.7867
253,0.7874
254,0.788
255,0.7887
256,0.7894
257,0.79
258,0.7907
259,0.7913
260,0.792
261,0.7927
262,0.7933
263,0.794
264,0.7946
265,0.7952
266,0.7959
267,0.7965
268,0.7972
269,0.7978
270,0.7984
271,0.799
272,0.7997
273,0.8003
274,0.8009
275,0.8015
276,0.8021
277,0.8028
278,0.8034
279,0.804
280,0.8046
281,0.8052
282,0.8058
283,0.8064
284,0.807
285,0.8076
286,0.8082
287,0.8088
288,0.8094
289,0.81
290,0.8105
291,0.8111
292,0.8117
293,0.8123
294,0.8129
295,0.8134
296,0.814
297,0.8146
298,0.8151
299,0.8157
300,0.8163
301,0.8168
302,0.8174
303,0.8179
304,0.8185
305,0.8191
306,0.8196
307,0.8202
308,0.8207
309,0.8213
310,0.8218
311,0.8223
312,0.8229
313,0.8234
314,0.8239
315,0.8245
316,0.825
317,0.8255
318,0.8261
319,0.8266
320,0.8271
321,0.8276
322,0.8282
323,0.8287
324,0.8292
325,0.8297
326,0.8302
327,0.8307
328,0.8313
329,0.8318
330,0.8323
331,0.8328
332,0.8333
333,0.8338
334,0.8343
335,0.8348
336,0.8353
337,0.8358
338,0.8363
339,0.8368
340,0.8373
341,0.8377
342,0.8382
343,0.8387
344,0.8392
345,0.8397
346,0.8402
347,0.8406
348,0.8411
349,0.8416
350,0.8421
351,0.8425
352,0.843
353,0.8435
354,0.844
355,0.8444
356,0.8449
357,0.8454
358,0.8458
359,0.8463
360,0.8467
361,0.8472
362,0.8477
363,0.8481
364,0.8486
365,0.849
366,0.8495
367,0.8499
368,0.8504
369,0.8508
370,0.8513
371,0.8517
372,0.8521
373,0.8526
374,0.853
375,0.8535
376,0.8539
377,0.8543
378,0.8548
379,0.8552
380,0.8556
381,0.8561
382,0.8565
383,0.8569
384,0.8574
385,0.8578
386,0.8582
387,0.8586
388,0.859
389,0.8595
390,0.8599
391,0.8603
392,0.8607
393,0.8611
394,0.8616
395,0.862
396,0.8624
397,0.8628
398,0.8632
399,0.8636
400,0.864
401,0.8644
402,0.8648
403,0.8652
404,0.8656
405,0.866
406,0.8664
407,0.8668
408,0.8672
409,0.8676
410,0.868
411,0.8684
412,0.8688
413,0.8692
414,0.8696
415,0.87
416,0.8703
417,0.8707
418,0.8711
419,0.8715
420,0.8719
421,0.8723
422,0.8726
423,0.873
424,0.8734
425,0.8738
426,0.8742
427,0.8745
428,0.8749
429,0.8753
430,0.8757
431,0.876
432,0.8764
433,0.8768
434,0.8771
435,0.8775
436,0.8779
437,0.8782
438,0.8786
439,0.879
440,0.8793
441,0.8797
442,0.88
443,0.8804
444,0.8808
445,0.8811
446,0.8815
447,0.8818
448,0.8822
449,0.8825
450,0.8829
451,0.8832
452,0.8836
453,0.8839
454,0.8843
455,0.8846
456,0.885
457,0.8853
458,0.8856
459,0.886
460,0.8863
461,0.8867
462,0.887
463,0.8873
464,0.8877
465,0.888
466,0.8884
467,0.8887
468,0.889
469,0.8894
470,0.8897
471,0.89
472,0.8904
473,0.8907
474,0.891
475,0.8913
476,0.8917
477,0.892
478,0.8923
479,0.8926
480,0.893
481,0.8933
482,0.8936
483,0.8939
484,0.8942
485,0.8946
486,0.8949
487,0.8952
488,0.8955
489,0.8958
490,0.8961
491,0.8965
492,0.8968
493,0.8971
494,0.8974
495,0.8977
496,0.898
497,0.8983
498,0.8986
499,0.8989
500,0.8992
501,0.8995
502,0.8998
503,0.9002
504,0.9005
505,0.9008
506,0.9011
507,0.9014
508,0.9017
509,0.902
510,0.9023
511,0.9026
512,0.9028
513,0.9031
514,0.9034
515,0.9037
516,0.904
517,0.9043
518,0.9046
519,0.9049
520,0.9052
521,0.9055
522,0.9058
523,0.9061
524,0.9064
525,0.9066
526,0.9069
527,0.9072
528,0.9075
529,0.9078
530,0.9081
531,0.9083
532,0.9086
533,0.9089
534,0.9092
535,0.9095
536,0.9097
537,0.91
538,0.9103
539,0.9106
540,0.9109
541,0.9111
542,0.9114
543,0.9117
544,0.912
545,0.9122
546,0.9125
547,0.9128
548,0.913
549,0.9133
550,0.9136
551,0.9138
552,0.9141
553,0.9144
554,0.9146
555,0.9149
556,0.9152
557,0.9154
558,0.9157
559,0.916
560,0.9162
561,0.9165
562,0.9168
563,0.917
564,0.9173
565,0.9175
566,0.9178
567,0.9181
568,0.9183
569,0.9186
570,0.9188
571,0.9191
572,0.9193
573,0.9196
574,0.9198
575,0.9201
576,0.9203
577,0.9206
578,0.9208
579,0.9211
580,0.9213
581,0.9216
582,0.9218
583,0.9221
584,0.9223
585,0.9226
586,0.9228
587,0.9231
588,0.9233
589,0.9236
590,0.9238
591,0.924
592,0.9243
593,0.9245
594,0.9248
595,0.925
596,0.9252
597,0.9255
598,0.9257
599,0.926
600,0.9262
601,0.9264
602,0.9267
603,0.9269
604,0.9271
605,0.9274
606,0.9276
607,0.9278
608,0.9281
609,0.9283
610,0.9285
611,0.9288
612,0.929
613,0.9292
614,0.9295
615,0.9297
616,0.9299
617,0.9301
618,0.9304
619,0.9306
620,0.9308
621,0.931
622,0.9313
623,0.9315
624,0.9317
625,0.9319
626,0.9322
627,0.9324
628,0.9326
629,0.9328
630,0.9331
631,0.9333
632,0.9335
633,0.9337
634,0.9339
635,0.9341
636,0.9344
637,0.9346
638,0.9348
639,0.935
640,0.9352
641,0.9354
642,0.9357
643,0.9359
644,0.9361
645,0.9363
646,0.9365
647,0.9367
648,0.9369
649,0.9371
650,0.9373
651,0.9376
652,0.9378
653,0.938
654,0.9382
655,0.9384
656,0.9386
657,0.9388
658,0.939
659,0.9392
660,0.9394
661,0.9396
662,0.9398
663,0.94
664,0.9402
665,0.9404
666,0.9406
667,0.9408
668,0.941
669,0.9412
670,0.9414
671,0.9416
672,0.9418
673,0.942
674,0.9422
675,0.9424
676,0.9426
677,0.9428
678,0.943
679,0.9432
680,0.9434
681,0.9436
682,0.9438
683,0.944
684,0.9442
685,0.9444
686,0.9445
687,0.9447
688,0.9449
689,0.9451
690,0.9453
691,0.9455
692,0.9457
693,0.9459
694,0.9461
695,0.9462
696,0.9464
697,0.9466
698,0.9468
699,0.947
700,0.9472
701,0.9474
702,0.9475
703,0.9477
704,0.9479
705,0.9481
706,0.9483
707,0.9485
708,0.9486
709,0.9488
710,0.949
711,0.9492
712,0.9494
713,0.9495
714,0.9497
715,0.9499
716,0.9501
717,0.9502
718,0.9504
719,0.9506
720,0.9508
721,0.9509
722,0.9511
723,0.9513
724,0.9515
725,0.9516
726,0.9518
727,0.952
728,0.9522
729,0.9523
730,0.9525
731,0.9527
732,0.9528
733,0.953
734,0.9532
735,0.9533
736,0.9535
737,0.9537
738,0.9539
739,0.954
740,0.9542
741,0.9544
742,0.9545
743,0.9547
744,0.9549
745,0.955
746,0.9552
747,0.9553
748,0.9555
749,0.9557
750,0.9558
751,0.956
752,0.9562
753,0.9563
754,0.9565
755,0.9566
756,0.9568
757,0.957
758,0.9571
759,0.9573
760,0.9574
761,0.9576
762,0.9578
763,0.9579
764,0.9581
765,0.9582
766,0.9584
767,0.9585
768,0.9587
769,0.9588
770,0.959
771,0.9592
772,0.9593
773,0.9595
774,0.9596
775,0.9598
776,0.9599
777,0.9601
778,0.9602
779,0.9604
780,0.9605
781,0.9607
782,0.9608
783,0.961
784,0.9611
785,0.9613
786,0.9614
787,0.9616
788,0.9617
789,0.9619
790,0.962
791,0.9622
792,0.9623
793,0.9624
794,0.9626
795,0.9627
796,0.9629
797,0.963
798,0.9632
799,0.9633
800,0.9634
801,0.9636
802,0.9637
803,0.9639
804,0.964
805,0.9642
806,0.9643
807,0.9644
808,0.9646
809,0.9647
810,0.9649
811,0.965
812,0.9651
813,0.9653
814,0.9654
815,0.9655
816,0.9657
817,0.9658
818,0.9659
819,0.9661
820,0.9662
821,0.9664
822,0.9665
823,0.9666
824,0.9668
825,0.9669
826,0.967
827,0.9672
828,0.9673
829,0.9674
830,0.9675
831,0.9677
832,0.9678
833,0.9679
834,0.9681
835,0.9682
836,0.9683
837,0.9685
838,0.9686
839,0.9687
840,0.9688
841,0.969
842,0.9691
843,0.9692
844,0.9694
845,0.9695
846,0.9696
847,0.9697
848,0.9699
849,0.97
850,0.9701
851,0.9702
852,0.9703
853,0.9705
854,0.9706
855,0.9707
856,0.9708
857,0.971
858,0.9711
859,0.9712
860,0.9713
861,0.9714
862,0.9716
863,0.9717
864,0.9718
865,0.9719
866,0.972
867,0.9722
868,0.9723
869,0.9724
870,0.9725
871,0.9726
872,0.9728
873,0.9729
874,0.973
875,0.9731
876,0.9732
877,0.9733
878,0.9734
879,0.9736
880,0.9737
881,0.9738
882,0.9739
883,0.974
884,0.9741
885,0.9742
886,0.9744
887,0.9745
888,0.9746
889,0.9747
890,0.9748
891,0.9749
892,0.975
893,0.9751
894,0.9752
895,0.9754
896,0.9755
897,0.9756
898,0.9757
899,0.9758
900,0.9759
901,0.976
902,0.9761
903,0.9762
904,0.9763
905,0.9764
906,0.9765
907,0.9766
908,0.9767
909,0.9768
910,0.9769
911,0.9771
912,0.9772
913,0.9773
914,0.9774
915,0.9775
916,0.9776
917,0.9777
918,0.9778
919,0.9779
920,0.978
921,0.9781
922,0.9782
923,0.9783
924,0.9784
925,0.9785
926,0.9786
927,0.9787
928,0.9788
929,0.9789
930,0.979
931,0.9791
932,0.9792
933,0.9793
934,0.9794
935,0.9795
936,0.9795
937,0.9796
938,0.9797
939,0.9798
940,0.9799
941,0.98
942,0.9801
943,0.9802
944,0.9803
945,0.9804
946,0.9805
947,0.9806
948,0.9807
949,0.9808
950,0.9809
951,0.9809
952,0.981
953,0.9811
954,0.9812
955,0.9813
956,0.9814
957,0.9815
958,0.9816
959,0.9817
960,0.9818
961,0.9818
962,0.9819
963,0.982
964,0.9821
965,0.9822
966,0.9823
967,0.9824
968,0.9824
969,0.9825
970,0.9826
971,0.9827
972,0.9828
973,0.9829
974,0.983
975,0.983
976,0.9831
977,0.9832
978,0.9833
979,0.9834
980,0.9834
981,0.9835
982,0.9836
983,0.9837
984,0.9838
985,0.9838
986,0.9839
987,0.984
988,0.9841
989,0.9842
990,0.9842
991,0.9843
992,0.9844
993,0.9845
994,0.9846
995,0.9846
996,0.9847
997,0.9848
998,0.9849
999,0.9849
1000,0.985
1001,0.9851
1002,0.9852
1003,0.9852
1004,0.9853
1005,0.9854
1006,0.9854
1007,0.9855
1008,0.9856
1009,0.9857
1010,0.9857
1011,0.9858
1012,0.9859
1013,0.9859
1014,0.986
1015,0.9861
1016,0.9861
1017,0.9862
1018,0.9863
1019,0.9863
1020,0.9864
1021,0.9865
1022,0.9865
1023,0.9866
1024,0.9867
