method,cluster,size,npmi,cohesion
agglo,0,220,0.2519,0.8023
agglo,1,253,0.2525,0.7561
agglo,2,300,0.2718,0.8204
agglo,3,127,0.2338,0.7796
agglo,4,177,0.1903,0.7556
agglo,5,186,0.2728,0.7807
agglo,6,150,0.2608,0.7395
agglo,7,246,0.2201,0.7961
agglo,8,175,0.2475,0.786
agglo,9,214,0.2335,0.785
agglo,10,53,0.2459,0.7452
agglo,11,84,0.226,0.7852
agglo,12,94,0.2458,0.7644
agglo,13,147,0.2536,0.7312
agglo,14,145,0.2384,0.7752
agglo,15,114,0.2573,0.767
agglo,16,17,0.5417,1.0
agglo,17,168,0.2336,0.7753
agglo,18,132,0.2751,0.7379
agglo,19,85,0.2792,0.7459
agglo,20,92,0.2308,0.8066
agglo,21,187,0.2677,0.7879
agglo,22,181,0.2261,0.7677
agglo,23,86,0.2537,0.7215
agglo,24,71,0.2775,0.7359
agglo,25,254,0.2481,0.7777
agglo,26,195,nan,1.0
agglo,27,115,0.136,0.72
agglo,28,143,0.2442,0.7424
agglo,29,85,0.2283,0.7845
agglo,30,239,0.2291,0.7326
agglo,31,185,0.2434,0.7239
agglo,32,166,0.2446,0.7559
agglo,33,120,0.2112,0.7882
agglo,34,157,0.0904,0.9974
agglo,35,75,0.2106,0.7574
agglo,36,129,0.2857,0.726
agglo,37,123,0.2218,0.7542
agglo,38,90,0.2178,0.7457
agglo,39,146,0.2972,0.7548
agglo,40,101,0.2405,0.7268
agglo,41,154,0.2389,0.7861
agglo,42,67,0.2531,0.7426
agglo,43,201,0.2577,0.7359
agglo,44,297,0.2863,0.8836
agglo,45,198,0.2704,0.7825
agglo,46,84,0.2358,0.7428
agglo,47,113,0.2194,0.7927
agglo,48,60,0.2095,0.7836
agglo,49,103,0.2653,0.7398
agglo,50,197,0.2504,0.7444
agglo,51,155,0.2543,0.7631
agglo,52,186,0.2546,0.7726
agglo,53,140,0.2603,0.7721
agglo,54,39,0.2401,0.7234
agglo,55,220,0.2982,0.8291
agglo,56,88,0.2795,0.7663
agglo,57,101,0.2192,0.7957
agglo,58,71,0.2428,0.7797
agglo,59,90,0.2615,0.7375
agglo,60,113,0.224,0.7744
agglo,61,205,0.2301,0.7937
agglo,64,116,0.2163,0.768
agglo,65,134,0.2292,0.783
agglo,66,94,0.2245,0.7966
agglo,67,68,0.2246,0.7824
agglo,68,30,0.2525,0.7882
agglo,69,69,0.251,0.7758
agglo,70,41,0.2409,0.7648
agglo,71,138,0.2427,0.7839
agglo,72,96,0.2238,0.7335
agglo,73,196,0.2517,0.7929
agglo,74,144,0.2248,0.8071
agglo,75,96,0.0632,0.9205
agglo,76,112,0.2129,0.8144
agglo,77,131,0.2236,0.7796
agglo,78,102,0.2327,0.7714
agglo,79,91,0.1136,0.9504
agglo,80,160,0.2764,0.7497
agglo,81,108,0.2439,0.7574
agglo,82,215,0.2637,0.884
agglo,83,101,0.2594,0.8822
agglo,84,61,0.2303,0.8295
agglo,85,40,0.2171,0.8919
agglo,86,79,0.2494,0.785
agglo,87,179,0.2588,0.7757
agglo,88,125,0.2387,0.7903
agglo,89,137,0.2306,0.742
agglo,90,42,0.2262,0.822
agglo,91,77,0.2185,0.7505
agglo,92,66,0.2165,0.7854
agglo,93,79,0.2315,0.7282
agglo,94,92,0.2829,0.8138
agglo,95,52,nan,1.0
agglo,96,44,0.2711,0.744
agglo,98,67,0.2345,0.7611
agglo,99,17,nan,0.9574
agglo,100,63,0.2139,0.7846
agglo,101,114,0.3566,0.8577
agglo,102,63,0.2009,0.7729
agglo,103,42,nan,0.9872
agglo,105,42,0.2838,0.7591
agglo,106,121,0.25,0.7701
agglo,107,81,0.2442,0.778
agglo,108,74,0.2263,0.798
agglo,109,274,0.2296,0.8003
agglo,110,34,0.2504,0.7425
agglo,111,37,0.2232,1.0
agglo,112,63,0.1959,0.8448
agglo,113,146,0.2348,0.8368
agglo,114,39,0.1004,0.871
agglo,115,59,0.2708,0.8707
agglo,116,79,0.2613,0.768
agglo,117,135,0.2661,0.73
agglo,118,153,0.231,0.7837
agglo,119,66,0.2122,0.8781
agglo,120,53,0.3858,0.7817
agglo,121,88,0.2228,0.7915
agglo,122,18,0.2113,0.7976
agglo,123,97,0.2177,0.7943
agglo,124,90,0.2459,0.7752
agglo,125,166,0.243,0.7848
agglo,126,111,0.232,0.7943
agglo,127,23,0.1396,0.9965
agglo,128,45,0.2009,0.7951
agglo,129,80,0.2037,0.8786
agglo,130,46,0.2598,0.7459
agglo,133,66,0.2437,0.7533
agglo,134,177,0.2562,0.7891
agglo,136,125,0.2394,0.7881
agglo,137,29,0.4399,0.9145
agglo,138,75,0.272,0.7586
agglo,139,100,0.197,0.7672
agglo,140,73,0.2365,0.7638
agglo,142,75,0.1982,0.7754
agglo,143,108,0.244,0.7878
agglo,144,692,0.5417,1.0
agglo,145,81,0.2933,0.7482
agglo,146,80,0.2328,0.7956
agglo,147,38,0.2191,0.8261
agglo,148,112,0.2217,0.7663
agglo,149,34,0.3063,0.8655
dbscan,0,162,0.2861,0.8018
dbscan,1,125,0.2543,0.7702
dbscan,2,78,0.2339,0.7827
dbscan,3,106,0.2119,0.7986
dbscan,4,386,0.2394,0.7881
dbscan,5,284,0.2574,0.7622
dbscan,6,78,0.1727,0.8834
dbscan,7,365,0.261,0.7708
dbscan,8,25,0.2212,0.8736
dbscan,9,107,0.3274,0.8668
dbscan,10,73,0.2294,0.798
dbscan,11,133,0.238,0.7806
dbscan,12,90,0.2253,0.7995
dbscan,13,412,0.2726,0.8112
dbscan,14,48,0.1986,0.8268
dbscan,15,82,0.2304,0.8016
dbscan,16,190,0.2768,0.7906
dbscan,17,513,0.2637,0.8646
dbscan,18,70,0.215,0.8193
dbscan,19,241,0.2259,0.8046
dbscan,20,154,0.2207,0.7988
dbscan,21,38,0.1856,0.8243
dbscan,22,91,0.2413,0.7846
dbscan,23,82,0.2143,0.8444
dbscan,24,74,0.1991,0.8266
dbscan,25,40,0.2369,0.8248
dbscan,26,238,0.278,0.792
dbscan,27,163,0.2248,0.7997
dbscan,28,245,0.2357,0.7596
dbscan,29,43,0.1842,0.8001
dbscan,30,36,0.1714,0.815
dbscan,31,102,0.2037,0.8055
dbscan,32,224,0.2468,0.7821
dbscan,33,55,0.2427,0.7896
dbscan,34,156,0.2581,0.7872
dbscan,35,46,0.255,0.7768
dbscan,36,66,0.1467,0.8285
dbscan,37,32,0.2044,0.8065
dbscan,38,64,0.1818,0.779
dbscan,39,80,0.2369,0.8144
dbscan,40,77,0.2365,0.7596
dbscan,41,136,0.2577,0.7568
dbscan,42,144,0.2352,0.7791
dbscan,43,144,0.2207,0.8385
dbscan,44,82,0.2109,0.7672
dbscan,45,56,0.2175,0.7799
dbscan,46,32,0.228,0.8525
dbscan,47,63,0.2323,0.8085
dbscan,48,87,0.2315,0.7256
dbscan,49,48,0.2088,0.7804
dbscan,50,50,0.2225,0.8146
dbscan,51,102,0.2162,0.8161
dbscan,52,52,0.2251,0.8212
dbscan,53,31,0.1846,0.8284
dbscan,54,133,0.2341,0.7899
dbscan,55,28,0.197,0.8077
dbscan,56,186,0.2271,0.7919
dbscan,57,63,0.1959,0.8448
dbscan,58,86,0.0904,0.9953
dbscan,59,134,0.2207,0.8101
dbscan,60,85,0.2829,0.8192
dbscan,61,43,0.2044,0.8286
dbscan,62,90,0.2146,0.8066
dbscan,63,27,0.2109,0.8115
dbscan,64,28,0.1873,0.8219
dbscan,65,97,0.2241,0.7537
dbscan,66,38,0.2248,0.8316
dbscan,67,50,0.2195,0.8293
dbscan,68,32,0.1947,0.7841
dbscan,69,152,0.2305,0.823
dbscan,70,27,0.2215,0.8285
dbscan,71,44,0.1933,0.8057
dbscan,72,80,0.1803,0.7774
dbscan,73,77,0.278,0.7786
dbscan,74,125,0.2489,0.8135
dbscan,75,26,0.2144,0.8581
dbscan,76,34,0.1912,0.8
dbscan,77,37,0.2232,1.0
dbscan,78,37,0.2171,0.8984
dbscan,79,554,0.5417,1.0
dbscan,80,42,0.2284,0.8287
dbscan,81,34,0.2139,0.838
dbscan,82,29,0.216,0.8379
dbscan,83,91,0.1136,0.9504
dbscan,84,42,0.2028,0.8096
dbscan,85,27,0.2132,0.8258
dbscan,86,35,0.2379,0.8165
dbscan,87,32,0.2323,0.7904
dbscan,88,30,0.2289,0.8636
dbscan,89,57,0.2303,0.8395
dbscan,90,100,0.2594,0.8822
dbscan,91,47,0.2005,0.8266
dbscan,92,59,0.2708,0.8707
dbscan,93,29,0.3078,0.8681
dbscan,94,55,0.2909,0.8255
dbscan,95,142,nan,1.0
dbscan,96,29,0.1844,0.7693
dbscan,97,27,0.1916,0.8308
dbscan,98,30,0.2084,0.8396
dbscan,99,65,0.2122,0.8777
dbscan,100,51,0.2523,0.809
dbscan,101,30,0.1524,0.8525
dbscan,102,49,0.5833,0.7898
dbscan,103,75,nan,0.9714
dbscan,104,40,0.2591,0.7676
dbscan,105,26,0.3628,0.8264
hdbscan,0,726,0.5417,1.0
hdbscan,1,195,nan,1.0
hdbscan,2,157,0.0904,0.9974
hdbscan,3,23,0.1396,0.9965
hdbscan,4,37,0.2232,1.0
hdbscan,5,69,0.1136,0.9518
hdbscan,6,22,nan,0.97
hdbscan,7,42,nan,0.9872
hdbscan,8,52,nan,1.0
hdbscan,9,17,nan,0.9574
hdbscan,10,14,nan,0.9489
hdbscan,11,25,0.2171,0.8969
hdbscan,12,101,0.2594,0.8822
hdbscan,13,18,0.4399,0.9431
hdbscan,14,11,nan,0.9755
hdbscan,15,21,0.0632,0.8993
hdbscan,16,75,nan,0.9714
hdbscan,17,146,0.2348,0.8368
hdbscan,18,14,0.3983,0.9276
hdbscan,19,44,0.2474,0.8925
hdbscan,20,61,0.2303,0.8295
hdbscan,21,18,0.2113,0.7976
hdbscan,22,505,0.2637,0.8689
hdbscan,23,30,0.3063,0.8691
hdbscan,24,23,0.2226,0.7798
hdbscan,25,253,0.2525,0.7561
hdbscan,26,13,0.1545,0.8714
hdbscan,27,23,0.2365,0.8898
hdbscan,28,26,nan,0.8042
hdbscan,29,46,0.2079,0.889
hdbscan,30,17,0.1898,0.9249
hdbscan,31,74,0.2263,0.798
hdbscan,32,79,0.2829,0.8225
hdbscan,33,16,0.282,0.8564
hdbscan,34,93,0.3705,0.8779
hdbscan,35,22,0.2226,0.8109
hdbscan,36,34,0.2167,0.7544
hdbscan,37,35,0.2292,0.8173
hdbscan,38,15,0.2953,0.87
hdbscan,39,54,0.23,0.8279
hdbscan,40,50,0.4144,0.9038
hdbscan,41,61,0.2799,0.8501
hdbscan,42,17,0.2041,0.8512
hdbscan,43,11,0.2027,0.7906
hdbscan,44,15,0.2359,0.8465
hdbscan,45,58,0.2909,0.8164
hdbscan,46,14,0.3641,0.8583
hdbscan,47,21,0.2159,0.8005
hdbscan,48,24,0.2079,0.8423
hdbscan,49,29,0.1936,0.8248
hdbscan,50,33,0.2301,0.8477
hdbscan,51,24,0.1974,0.8311
hdbscan,52,28,0.2385,0.8506
hdbscan,53,41,0.2009,0.7974
hdbscan,54,79,0.1727,0.8819
hdbscan,55,22,0.1994,0.8234
hdbscan,56,16,0.2027,0.8651
hdbscan,57,226,0.2259,0.8064
hdbscan,58,38,0.1884,0.8287
hdbscan,59,221,0.2253,0.798
hdbscan,60,41,0.2145,0.8153
hdbscan,61,38,0.2038,0.8273
hdbscan,62,12,0.2316,0.8279
hdbscan,63,12,0.1679,0.7645
hdbscan,64,17,0.1987,0.8118
hdbscan,65,23,0.1738,0.844
hdbscan,66,24,0.2078,0.7548
hdbscan,67,16,0.219,0.8514
hdbscan,68,21,0.2158,0.7797
hdbscan,69,21,0.1831,0.7988
hdbscan,70,21,0.216,0.8382
hdbscan,71,51,0.2195,0.8241
hdbscan,72,26,0.2109,0.7821
hdbscan,73,27,0.2381,0.8668
hdbscan,74,48,0.2373,0.8209
hdbscan,75,66,0.2175,0.7743
hdbscan,76,18,0.1836,0.8346
hdbscan,77,14,0.4465,0.8359
hdbscan,78,13,0.4017,0.7702
hdbscan,79,28,0.2234,0.7542
hdbscan,80,24,0.1796,0.8057
hdbscan,81,17,0.1965,0.8102
hdbscan,82,26,0.2696,0.8517
hdbscan,83,70,0.1828,0.7883
hdbscan,84,73,0.2153,0.8014
hdbscan,85,66,0.1818,0.7785
hdbscan,86,17,0.2065,0.7999
hdbscan,87,25,0.2109,0.8174
hdbscan,88,11,0.2672,0.8509
hdbscan,89,34,0.1951,0.8034
hdbscan,90,28,0.1721,0.765
hdbscan,91,82,0.2352,0.7245
hdbscan,92,32,0.5833,0.833
hdbscan,93,11,nan,0.8448
hdbscan,94,29,0.2194,0.8178
hdbscan,95,11,0.176,0.8065
hdbscan,96,16,0.2584,0.8844
hdbscan,97,49,0.1401,0.8482
hdbscan,98,24,0.1827,0.8029
hdbscan,99,12,0.2274,0.815
hdbscan,100,137,0.2577,0.7556
hdbscan,101,36,0.2218,0.8051
hdbscan,102,50,0.1994,0.8388
hdbscan,103,14,0.1924,0.8716
hdbscan,104,13,0.2163,0.8295
hdbscan,105,20,0.2353,0.7769
hdbscan,106,11,0.1849,0.8209
hdbscan,107,98,0.2369,0.7918
hdbscan,108,27,0.1304,0.8541
hdbscan,109,16,0.191,0.8123
hdbscan,110,50,0.2354,0.8064
hdbscan,111,60,0.1959,0.8493
hdbscan,112,122,0.2388,0.7803
hdbscan,113,97,0.2445,0.7759
hdbscan,114,31,0.208,0.787
hdbscan,115,21,0.2059,0.7863
hdbscan,116,65,0.2588,0.7452
hdbscan,117,28,0.2094,0.8437
hdbscan,118,81,0.2117,0.8194
hdbscan,119,23,0.2347,0.7826
hdbscan,120,112,0.2247,0.8054
hdbscan,121,18,0.1964,0.8435
hdbscan,122,35,0.2694,0.8123
hdbscan,123,18,0.1997,0.7907
hdbscan,124,27,0.2398,0.8285
hdbscan,125,69,0.2369,0.8183
hdbscan,126,22,0.2347,0.8188
hdbscan,127,54,0.2214,0.8196
hdbscan,128,14,0.1811,0.8065
hdbscan,129,40,0.2284,0.8285
hdbscan,130,123,0.2236,0.7856
hdbscan,131,49,0.2357,0.8176
hdbscan,132,27,0.2613,0.8259
hdbscan,133,134,0.2581,0.7921
hdbscan,134,49,0.2095,0.8295
hdbscan,135,66,0.4224,0.8528
hdbscan,136,12,0.1932,0.8668
hdbscan,137,31,0.1004,0.8784
hdbscan,138,71,0.2345,0.803
hdbscan,139,59,0.2634,0.8349
hdbscan,140,30,0.194,0.8122
hdbscan,141,143,0.2457,0.7999
hdbscan,142,11,0.21,0.872
hdbscan,143,26,0.1976,0.8423
hdbscan,144,11,0.2179,0.8379
hdbscan,145,12,0.2511,0.9217
hdbscan,146,243,0.2399,0.7409
hdbscan,147,17,0.2155,0.7881
hdbscan,148,13,0.2053,0.8665
hdbscan,149,30,0.2289,0.8636
hdbscan,150,12,0.197,0.8255
hdbscan,151,22,0.2786,0.8278
hdbscan,152,23,0.1781,0.8205
hdbscan,153,21,0.2067,0.8537
hdbscan,154,42,0.2181,0.8023
hdbscan,155,20,0.2277,0.8202
hdbscan,156,28,0.2548,0.7897
hdbscan,157,85,0.2241,0.7562
hdbscan,158,132,0.2341,0.7877
hdbscan,159,20,0.2211,0.8614
hdbscan,160,17,0.2169,0.7758
hdbscan,161,25,0.3993,0.8565
hdbscan,162,57,0.3896,0.822
hdbscan,163,55,0.2458,0.7714
hdbscan,164,20,0.165,0.8367
hdbscan,165,14,0.2142,0.8091
hdbscan,166,127,0.2374,0.8107
hdbscan,167,11,0.2027,0.8451
hdbscan,168,52,0.2061,0.7951
hdbscan,169,16,0.1798,0.8188
hdbscan,170,44,0.2037,0.8266
hdbscan,171,15,0.4949,0.8442
hdbscan,172,114,0.226,0.802
hdbscan,173,11,nan,0.934
hdbscan,174,62,0.2077,0.82
hdbscan,175,25,0.2056,0.8485
hdbscan,176,14,0.1954,0.8337
hdbscan,177,29,0.1926,0.8521
hdbscan,178,32,0.261,0.8417
hdbscan,179,28,0.1901,0.8377
hdbscan,180,16,0.1925,0.8262
hdbscan,181,13,0.2202,0.8147
hdbscan,182,14,0.2051,0.8415
hdbscan,183,59,0.2087,0.8333
hdbscan,184,26,0.192,0.8118
hdbscan,185,52,0.2136,0.8082
hdbscan,186,11,0.2444,0.8554
hdbscan,187,36,0.2105,0.8254
hdbscan,188,13,0.2029,0.8375
hdbscan,189,29,0.1934,0.8255
hdbscan,190,42,0.4071,0.8799
hdbscan,191,21,0.3862,0.8892
hdbscan,192,43,0.2065,0.8487
hdbscan,193,14,0.2012,0.8491
hdbscan,194,19,0.2165,0.8432
hdbscan,195,52,0.1982,0.8038
hdbscan,196,35,0.1954,0.811
hdbscan,197,63,0.2188,0.8717
hdbscan,198,19,0.3275,0.8452
hdbscan,199,64,0.2684,0.8558
hdbscan,200,43,0.2075,0.8144
hdbscan,201,22,0.2223,0.8344
hdbscan,202,31,0.2027,0.8158
hdbscan,203,36,0.202,0.8467
hdbscan,204,15,0.1027,0.8618
hdbscan,205,50,0.1976,0.7932
hdbscan,206,15,0.4831,0.8877
hdbscan,207,130,0.227,0.8034
hdbscan,208,47,0.2018,0.8333
hdbscan,209,36,0.2459,0.8389
hdbscan,210,26,0.2276,0.8005
hdbscan,211,50,0.2291,0.8252
hdbscan,212,47,0.2249,0.806
hdbscan,213,19,0.226,0.8359
hdbscan,214,36,0.2154,0.8494
hdbscan,215,18,0.3052,0.8341
hdbscan,216,48,0.4376,0.8364
hdbscan,217,63,0.2132,0.8274
hdbscan,218,116,0.2305,0.8287
leiden,0,726,0.5417,1.0
leiden,1,294,0.2423,0.7923
leiden,2,270,0.2637,0.8825
leiden,3,266,0.2454,0.7354
leiden,4,260,0.2296,0.8023
leiden,5,242,0.2863,0.885
leiden,6,238,0.2604,0.7354
leiden,7,231,0.2637,0.7425
leiden,8,230,0.2456,0.7699
leiden,9,228,0.2657,0.7452
leiden,10,226,0.278,0.7865
leiden,11,223,0.2441,0.77
leiden,12,212,0.2554,0.7781
leiden,13,211,0.2894,0.72
leiden,14,210,0.2313,0.7886
leiden,15,204,0.1704,0.7377
leiden,16,203,0.2645,0.7229
leiden,17,203,0.3427,0.8222
leiden,18,202,0.2473,0.765
leiden,19,202,0.2669,0.7679
leiden,20,200,0.2846,0.7549
leiden,21,200,0.2276,0.765
leiden,22,195,nan,1.0
leiden,23,190,0.2289,0.7531
leiden,24,189,0.2449,0.7664
leiden,25,188,0.2502,0.7457
leiden,26,185,0.2261,0.7688
leiden,27,185,0.3924,0.7889
leiden,28,182,0.2195,0.7322
leiden,29,172,0.2632,0.7415
leiden,30,171,0.2443,0.7808
leiden,31,170,0.2612,0.7634
leiden,32,170,0.2301,0.7951
leiden,33,169,0.2562,0.793
leiden,34,169,0.2274,0.7966
leiden,35,168,0.2369,0.7501
leiden,36,167,0.2736,0.7641
leiden,37,167,0.2384,0.7659
leiden,38,166,0.2474,0.751
leiden,39,163,0.2207,0.7933
leiden,40,157,0.0904,0.9974
leiden,41,156,0.2517,0.7497
leiden,42,154,0.2341,0.784
leiden,43,146,0.2411,0.7704
leiden,44,146,0.2348,0.8368
leiden,45,143,0.2496,0.7342
leiden,46,142,0.2439,0.797
leiden,47,140,0.256,0.7618
leiden,48,138,0.2627,0.7298
leiden,49,137,0.2653,0.7693
leiden,50,136,0.2613,0.7498
leiden,51,132,0.2634,0.7204
leiden,52,131,0.2675,0.7748
leiden,53,129,0.2486,0.759
leiden,54,128,0.2614,0.7359
leiden,55,128,0.2569,0.7937
leiden,56,127,0.224,0.7711
leiden,57,127,0.2247,0.7962
leiden,58,126,0.241,0.7768
leiden,59,125,0.2196,0.8065
leiden,60,121,0.2646,0.774
leiden,61,115,0.3566,0.8565
leiden,62,115,0.2129,0.8114
leiden,63,114,0.2329,0.7603
leiden,64,114,0.2327,0.8029
leiden,65,111,0.2524,0.7589
leiden,66,109,0.3502,0.8583
leiden,67,108,0.2403,0.7895
leiden,68,107,0.2642,0.7288
leiden,69,106,0.2768,0.7562
leiden,70,105,0.3582,0.8363
leiden,71,105,0.2315,0.7216
leiden,72,104,0.2253,0.7935
leiden,73,104,0.2369,0.7974
leiden,74,101,0.2594,0.8822
leiden,75,100,0.2579,0.7247
leiden,76,98,0.1979,0.7686
leiden,77,94,0.2216,0.7861
leiden,78,94,0.2829,0.8115
leiden,79,92,0.2362,0.7989
leiden,80,87,0.2308,0.8098
leiden,81,86,0.2442,0.7994
leiden,82,85,0.2418,0.831
leiden,83,85,0.2188,0.7705
leiden,84,84,0.233,0.7583
leiden,85,83,0.2975,0.8571
leiden,86,83,0.2409,0.7331
leiden,87,83,0.2464,0.8161
leiden,88,81,0.2422,0.7921
leiden,89,81,0.2303,0.7881
leiden,90,80,0.2186,0.7928
leiden,91,80,0.2037,0.8786
leiden,92,75,0.1982,0.7745
leiden,93,75,nan,0.9714
leiden,94,74,0.2174,0.785
leiden,95,73,0.2294,0.798
leiden,96,73,0.337,0.8483
leiden,97,72,0.1971,0.817
leiden,98,72,0.1932,0.7754
leiden,99,69,0.1136,0.9518
leiden,100,68,0.2291,0.7822
leiden,101,67,0.2122,0.8745
leiden,102,64,0.1959,0.8437
leiden,103,64,0.2081,0.7951
leiden,104,61,0.2303,0.8295
leiden,105,60,0.2251,0.8075
leiden,106,59,0.2708,0.8707
leiden,107,58,0.2226,0.7911
leiden,108,58,0.2471,0.7502
leiden,109,56,0.2292,0.7739
leiden,110,56,0.258,0.8192
leiden,111,56,0.1994,0.8317
leiden,112,55,0.2139,0.7919
leiden,113,53,0.1855,0.7979
leiden,114,53,0.2195,0.8183
leiden,115,52,nan,1.0
leiden,116,50,0.2435,0.7677
leiden,117,45,0.2009,0.7951
leiden,118,43,0.2371,0.7516
leiden,119,42,nan,0.9872
leiden,120,40,0.2171,0.8919
leiden,121,37,0.2232,1.0
leiden,122,34,0.2257,0.8428
leiden,123,34,0.3063,0.8655
leiden,124,34,0.2369,0.8193
leiden,125,31,0.1936,0.8191
leiden,126,29,0.4399,0.9145
leiden,127,26,nan,0.8042
leiden,128,24,0.1974,0.8311
leiden,129,23,0.2365,0.8898
leiden,130,23,0.1396,0.9965
leiden,131,23,0.2226,0.7798
leiden,132,23,0.2183,0.8318
leiden,133,22,nan,0.97
leiden,134,21,0.0632,0.8993
leiden,135,20,0.2277,0.8202
leiden,136,18,0.2113,0.7976
leiden,137,17,nan,0.9574
