run_id,k,n_rep,mean_adj,std_adj,sn_ratio,mean_clusters,mean_noise,ari_stability,d,n_neighbors,min_dist,min_cluster_size,min_samples
0,768,3,0.1297,0.0008,-17.7449,142.6667,0.38,0.7596,8,30,0.0918468517202105,15,20
0,3072,3,0.1276,0.0002,-17.8852,143.0,0.373,0.746,8,30,0.0918468517202105,15,20
1,128,3,0.1144,0.0042,-18.85,94.3333,0.3536,0.6661,5,18,0.10977028659347172,40,6
1,768,3,0.1181,0.0019,-18.5613,100.6667,0.2958,0.6274,5,18,0.10977028659347172,40,6
1,3072,3,0.119,0.0005,-18.4862,99.3333,0.3085,0.6253,5,18,0.10977028659347172,40,6
2,128,2,0.1148,0.0006,-18.7988,77.0,0.3937,0.7931,19,23,0.17775948845394962,33,22
2,768,3,0.1234,0.0005,-18.1771,86.3333,0.3698,0.7912,19,23,0.17775948845394962,33,22
2,3072,3,0.1258,0.0007,-18.0063,90.0,0.3928,0.774,19,23,0.17775948845394962,33,22
3,128,3,0.1148,0.0007,-18.7994,70.0,0.388,0.7789,7,31,0.1539068911463447,36,25
3,768,3,0.1212,0.0042,-18.3477,72.6667,0.3707,0.7066,7,31,0.1539068911463447,36,25
3,3072,2,0.1211,0.0036,-18.3482,72.5,0.3649,0.6041,7,31,0.1539068911463447,36,25
4,768,3,0.1302,0.001,-17.7109,129.0,0.3571,0.7108,14,50,0.05431622079334238,22,13
4,3072,3,0.1297,0.0003,-17.7419,125.3333,0.3541,0.6971,14,50,0.05431622079334238,22,13
6,128,2,0.1255,0.002,-18.0323,136.5,0.3801,0.6786,18,57,0.027961156816805523,13,12
6,768,3,0.1298,0.0026,-17.743,161.6667,0.3561,0.6471,18,57,0.027961156816805523,13,12
6,3072,3,0.132,0.0007,-17.5864,163.3333,0.3475,0.675,18,57,0.027961156816805523,13,12
7,128,3,0.1256,0.0009,-18.0175,110.3333,0.3828,0.7475,11,39,0.008025268850696259,24,17
7,768,3,0.1263,0.0023,-17.9762,118.3333,0.3239,0.7041,11,39,0.008025268850696259,24,17
7,3072,3,0.1265,0.0006,-17.9571,126.6667,0.3556,0.7413,11,39,0.008025268850696259,24,17
8,128,2,0.1191,0.001,-18.4825,99.0,0.3837,0.7597,16,48,0.13501127289604262,27,10
8,768,3,0.1251,0.0007,-18.0539,108.0,0.379,0.6924,16,48,0.13501127289604262,27,10
8,3072,3,0.1276,0.0006,-17.8807,105.0,0.3608,0.7263,16,48,0.13501127289604262,27,10
9,768,2,0.13,0.0002,-17.7213,146.0,0.3933,0.7544,11,36,0.18835683814734006,18,15
9,3072,3,0.1311,0.0006,-17.6456,143.6667,0.3924,0.745,11,36,0.18835683814734006,18,15
10,768,3,0.1049,0.0259,-20.6177,64.6667,0.2502,0.3013,13,22,0.24206914004317623,31,19
10,3072,3,0.1219,0.002,-18.2836,92.0,0.3947,0.7487,13,22,0.24206914004317623,31,19
11,128,3,0.1237,0.003,-18.1593,107.0,0.3587,0.6112,15,42,0.06877757654988813,29,7
11,768,3,0.1245,0.0011,-18.0989,115.6667,0.3243,0.6413,15,42,0.06877757654988813,29,7
11,3072,3,0.1269,0.0012,-17.934,116.3333,0.3145,0.6587,15,42,0.06877757654988813,29,7
