run_id,k,seed,d,n_neighbors,min_dist,min_cluster_size,min_samples,accepted,n_clusters,noise_ratio,silhouette,adjusted
0,128,42,8,30,0.0918468517202105,15,20,False,130,0.4067,nan,nan
0,128,1337,8,30,0.0918468517202105,15,20,False,131,0.4172,nan,nan
0,128,2026,8,30,0.0918468517202105,15,20,False,134,0.4255,nan,nan
0,768,42,8,30,0.0918468517202105,15,20,True,143,0.3852,0.2117,0.1302
0,768,1337,8,30,0.0918468517202105,15,20,True,139,0.3667,0.2029,0.1285
0,768,2026,8,30,0.0918468517202105,15,20,True,146,0.3881,0.2129,0.1303
0,3072,42,8,30,0.0918468517202105,15,20,True,146,0.3813,0.2061,0.1275
0,3072,1337,8,30,0.0918468517202105,15,20,True,145,0.3742,0.2042,0.1278
0,3072,2026,8,30,0.0918468517202105,15,20,True,138,0.3634,0.2001,0.1274
1,128,42,5,18,0.10977028659347172,40,6,True,95,0.358,0.1813,0.1164
1,128,1337,5,18,0.10977028659347172,40,6,True,93,0.3569,0.1689,0.1086
1,128,2026,5,18,0.10977028659347172,40,6,True,95,0.346,0.1807,0.1181
1,768,42,5,18,0.10977028659347172,40,6,True,101,0.2839,0.166,0.1189
1,768,1337,5,18,0.10977028659347172,40,6,True,102,0.3126,0.1744,0.1199
1,768,2026,5,18,0.10977028659347172,40,6,True,99,0.291,0.1627,0.1154
1,3072,42,5,18,0.10977028659347172,40,6,True,99,0.3033,0.1701,0.1185
1,3072,1337,5,18,0.10977028659347172,40,6,True,100,0.3316,0.1778,0.1189
1,3072,2026,5,18,0.10977028659347172,40,6,True,99,0.2905,0.1688,0.1198
2,128,42,19,23,0.17775948845394962,33,22,True,78,0.3994,0.1923,0.1155
2,128,1337,19,23,0.17775948845394962,33,22,False,77,0.4038,nan,nan
2,128,2026,19,23,0.17775948845394962,33,22,True,76,0.388,0.1866,0.1142
2,768,42,19,23,0.17775948845394962,33,22,True,82,0.3648,0.1943,0.1234
2,768,1337,19,23,0.17775948845394962,33,22,True,90,0.3775,0.1972,0.1227
2,768,2026,19,23,0.17775948845394962,33,22,True,87,0.3672,0.1958,0.1239
2,3072,42,19,23,0.17775948845394962,33,22,True,89,0.3896,0.2054,0.1254
2,3072,1337,19,23,0.17775948845394962,33,22,True,95,0.395,0.207,0.1252
2,3072,2026,19,23,0.17775948845394962,33,22,True,86,0.3938,0.2092,0.1268
3,128,42,7,31,0.1539068911463447,36,25,True,71,0.3883,0.1893,0.1158
3,128,1337,7,31,0.1539068911463447,36,25,True,69,0.392,0.188,0.1143
3,128,2026,7,31,0.1539068911463447,36,25,True,70,0.3838,0.1856,0.1144
3,768,42,7,31,0.1539068911463447,36,25,True,68,0.3333,0.1729,0.1152
3,768,1337,7,31,0.1539068911463447,36,25,True,76,0.3881,0.2021,0.1236
3,768,2026,7,31,0.1539068911463447,36,25,True,74,0.3907,0.2046,0.1247
3,3072,42,7,31,0.1539068911463447,36,25,False,79,0.4168,nan,nan
3,3072,1337,7,31,0.1539068911463447,36,25,True,79,0.3989,0.2074,0.1247
3,3072,2026,7,31,0.1539068911463447,36,25,True,66,0.331,0.1757,0.1175
4,128,42,14,50,0.05431622079334238,22,13,True,113,0.3945,0.2025,0.1226
4,128,1337,14,50,0.05431622079334238,22,13,False,115,0.4028,nan,nan
4,128,2026,14,50,0.05431622079334238,22,13,False,116,0.4071,nan,nan
4,768,42,14,50,0.05431622079334238,22,13,True,128,0.3658,0.2074,0.1315
4,768,1337,14,50,0.05431622079334238,22,13,True,129,0.3455,0.1975,0.1292
4,768,2026,14,50,0.05431622079334238,22,13,True,130,0.3601,0.2027,0.1297
4,3072,42,14,50,0.05431622079334238,22,13,True,127,0.354,0.2013,0.1301
4,3072,1337,14,50,0.05431622079334238,22,13,True,126,0.362,0.203,0.1295
4,3072,2026,14,50,0.05431622079334238,22,13,True,123,0.3462,0.1981,0.1295
5,128,42,6,53,0.21112615274041746,11,16,False,129,0.4646,nan,nan
5,128,1337,6,53,0.21112615274041746,11,16,False,132,0.4787,nan,nan
5,128,2026,6,53,0.21112615274041746,11,16,False,127,0.4633,nan,nan
5,768,42,6,53,0.21112615274041746,11,16,False,138,0.4106,nan,nan
5,768,1337,6,53,0.21112615274041746,11,16,False,147,0.4425,nan,nan
5,768,2026,6,53,0.21112615274041746,11,16,False,149,0.44,nan,nan
5,3072,42,6,53,0.21112615274041746,11,16,False,141,0.434,nan,nan
5,3072,1337,6,53,0.21112615274041746,11,16,False,141,0.4394,nan,nan
5,3072,2026,6,53,0.21112615274041746,11,16,False,146,0.4402,nan,nan
6,128,42,18,57,0.027961156816805523,13,12,True,137,0.3784,0.205,0.1275
6,128,1337,18,57,0.027961156816805523,13,12,True,136,0.3817,0.1997,0.1235
6,128,2026,18,57,0.027961156816805523,13,12,False,140,0.4026,nan,nan
6,768,42,18,57,0.027961156816805523,13,12,True,165,0.3613,0.2037,0.1301
6,768,1337,18,57,0.027961156816805523,13,12,True,153,0.3471,0.1935,0.1264
6,768,2026,18,57,0.027961156816805523,13,12,True,167,0.3598,0.2074,0.1328
6,3072,42,18,57,0.027961156816805523,13,12,True,164,0.3371,0.1993,0.1321
6,3072,1337,18,57,0.027961156816805523,13,12,True,162,0.3451,0.2002,0.1311
6,3072,2026,18,57,0.027961156816805523,13,12,True,164,0.3603,0.2077,0.1329
7,128,42,11,39,0.008025268850696259,24,17,True,111,0.3841,0.2049,0.1262
7,128,1337,11,39,0.008025268850696259,24,17,True,111,0.3884,0.2035,0.1244
7,128,2026,11,39,0.008025268850696259,24,17,True,109,0.3757,0.2023,0.1263
7,768,42,11,39,0.008025268850696259,24,17,True,113,0.3086,0.1808,0.125
7,768,1337,11,39,0.008025268850696259,24,17,True,126,0.345,0.1978,0.1295
7,768,2026,11,39,0.008025268850696259,24,17,True,116,0.3182,0.1824,0.1243
7,3072,42,11,39,0.008025268850696259,24,17,True,127,0.3586,0.1986,0.1274
7,3072,1337,11,39,0.008025268850696259,24,17,True,124,0.3449,0.193,0.1264
7,3072,2026,11,39,0.008025268850696259,24,17,True,129,0.3632,0.1975,0.1258
8,128,42,16,48,0.13501127289604262,27,10,False,104,0.4049,nan,nan
8,128,1337,16,48,0.13501127289604262,27,10,True,101,0.3897,0.1935,0.1181
8,128,2026,16,48,0.13501127289604262,27,10,True,97,0.3776,0.193,0.1201
8,768,42,16,48,0.13501127289604262,27,10,True,110,0.3938,0.2056,0.1246
8,768,1337,16,48,0.13501127289604262,27,10,True,106,0.3761,0.1997,0.1246
8,768,2026,16,48,0.13501127289604262,27,10,True,108,0.3672,0.1994,0.1262
8,3072,42,16,48,0.13501127289604262,27,10,True,111,0.378,0.204,0.1269
8,3072,1337,16,48,0.13501127289604262,27,10,True,98,0.3461,0.1964,0.1284
8,3072,2026,16,48,0.13501127289604262,27,10,True,106,0.3583,0.1989,0.1276
9,128,42,11,36,0.18835683814734006,18,15,False,134,0.439,nan,nan
9,128,1337,11,36,0.18835683814734006,18,15,False,129,0.4308,nan,nan
9,128,2026,11,36,0.18835683814734006,18,15,True,123,0.386,0.1992,0.1223
9,768,42,11,36,0.18835683814734006,18,15,True,146,0.393,0.2145,0.1302
9,768,1337,11,36,0.18835683814734006,18,15,True,146,0.3937,0.214,0.1298
9,768,2026,11,36,0.18835683814734006,18,15,False,146,0.4098,nan,nan
9,3072,42,11,36,0.18835683814734006,18,15,True,144,0.3947,0.2172,0.1314
9,3072,1337,11,36,0.18835683814734006,18,15,True,148,0.3983,0.2189,0.1317
9,3072,2026,11,36,0.18835683814734006,18,15,True,139,0.3842,0.2115,0.1303
10,128,42,13,22,0.24206914004317623,31,19,True,14,0.0065,0.0524,0.052
10,128,1337,13,22,0.24206914004317623,31,19,False,86,0.441,nan,nan
10,128,2026,13,22,0.24206914004317623,31,19,False,83,0.4324,nan,nan
10,768,42,13,22,0.24206914004317623,31,19,True,90,0.3585,0.1913,0.1227
10,768,1337,13,22,0.24206914004317623,31,19,True,94,0.3911,0.2032,0.1237
10,768,2026,13,22,0.24206914004317623,31,19,True,10,0.001,0.0684,0.0683
10,3072,42,13,22,0.24206914004317623,31,19,True,90,0.3889,0.1956,0.1196
10,3072,1337,13,22,0.24206914004317623,31,19,True,90,0.3965,0.2018,0.1218
10,3072,2026,13,22,0.24206914004317623,31,19,True,96,0.3988,0.2068,0.1243
11,128,42,15,42,0.06877757654988813,29,7,True,101,0.3364,0.1807,0.1199
11,128,1337,15,42,0.06877757654988813,29,7,True,107,0.3665,0.2009,0.1273
11,128,2026,15,42,0.06877757654988813,29,7,True,113,0.3733,0.1978,0.124
11,768,42,15,42,0.06877757654988813,29,7,True,114,0.3273,0.1826,0.1229
11,768,1337,15,42,0.06877757654988813,29,7,True,119,0.3269,0.1861,0.1253
11,768,2026,15,42,0.06877757654988813,29,7,True,114,0.3188,0.184,0.1253
11,3072,42,15,42,0.06877757654988813,29,7,True,115,0.3144,0.1826,0.1252
11,3072,1337,15,42,0.06877757654988813,29,7,True,119,0.3128,0.1863,0.128
11,3072,2026,15,42,0.06877757654988813,29,7,True,115,0.3162,0.1864,0.1274
