emb,method,param,accepted,n_clusters,noise_ratio,silhouette,adjusted
d08,hdbscan,"{""mcs"": 8, ""ms"": 5}",True,298,0.3206,0.198,0.1345
d08,hdbscan,"{""mcs"": 8, ""ms"": 8}",True,242,0.3574,0.209,0.1343
d08,hdbscan,"{""mcs"": 8, ""ms"": 15}",False,185,0.4016,nan,nan
d08,hdbscan,"{""mcs"": 11, ""ms"": 5}",True,248,0.3244,0.1997,0.1349
d08,hdbscan,"{""mcs"": 11, ""ms"": 8}",True,219,0.3515,0.2066,0.134
d08,hdbscan,"{""mcs"": 11, ""ms"": 15}",True,174,0.3973,0.2197,0.1324
d08,hdbscan,"{""mcs"": 15, ""ms"": 5}",True,198,0.3082,0.1929,0.1334
d08,hdbscan,"{""mcs"": 15, ""ms"": 8}",True,181,0.3555,0.2065,0.1331
d08,hdbscan,"{""mcs"": 15, ""ms"": 15}",True,161,0.3971,0.2202,0.1327
d08,hdbscan,"{""mcs"": 20, ""ms"": 5}",True,166,0.3039,0.1865,0.1298
d08,hdbscan,"{""mcs"": 20, ""ms"": 8}",True,153,0.3476,0.199,0.1298
d08,hdbscan,"{""mcs"": 20, ""ms"": 15}",True,145,0.3937,0.2134,0.1294
d08,hdbscan,"{""mcs"": 30, ""ms"": 5}",True,120,0.3212,0.1815,0.1232
d08,hdbscan,"{""mcs"": 30, ""ms"": 8}",True,110,0.3355,0.184,0.1223
d08,hdbscan,"{""mcs"": 30, ""ms"": 15}",True,97,0.3716,0.1931,0.1214
d08,dbscan,"{""eps"": 0.1, ""ms"": 10}",False,202,0.5585,nan,nan
d08,dbscan,"{""eps"": 0.1, ""ms"": 25}",False,57,0.783,nan,nan
d08,dbscan,"{""eps"": 0.15, ""ms"": 10}",True,176,0.337,0.1484,0.0984
d08,dbscan,"{""eps"": 0.15, ""ms"": 25}",False,81,0.5969,nan,nan
d08,dbscan,"{""eps"": 0.2, ""ms"": 10}",True,122,0.2018,0.1196,0.0954
d08,dbscan,"{""eps"": 0.2, ""ms"": 25}",True,101,0.3861,0.1737,0.1067
d08,dbscan,"{""eps"": 0.25, ""ms"": 10}",True,83,0.1098,0.0685,0.061
d08,dbscan,"{""eps"": 0.25, ""ms"": 25}",True,73,0.259,0.1369,0.1015
d08,dbscan,"{""eps"": 0.35, ""ms"": 10}",True,32,0.0347,0.0499,0.0482
d08,dbscan,"{""eps"": 0.35, ""ms"": 25}",True,40,0.0895,0.074,0.0674
d08,dbscan,"{""eps"": 0.5, ""ms"": 10}",True,21,0.0097,0.0635,0.0629
d08,dbscan,"{""eps"": 0.5, ""ms"": 25}",True,21,0.0212,0.0688,0.0673
d08,leiden,"{""knn"": 15, ""res"": 0.02}",True,26,0.0,0.0899,0.0899
d08,leiden,"{""knn"": 15, ""res"": 0.05}",True,28,0.0,0.101,0.101
d08,leiden,"{""knn"": 15, ""res"": 0.1}",True,32,0.0,0.1065,0.1065
d08,leiden,"{""knn"": 15, ""res"": 0.2}",True,37,0.0,0.1074,0.1074
d08,leiden,"{""knn"": 15, ""res"": 0.4}",True,49,0.0,0.1083,0.1083
d08,leiden,"{""knn"": 15, ""res"": 0.8}",True,63,0.0,0.1082,0.1082
d08,leiden,"{""knn"": 15, ""res"": 1.5}",True,84,0.0,0.1119,0.1119
d08,leiden,"{""knn"": 15, ""res"": 3.0}",True,119,0.0,0.1121,0.1121
d08,leiden,"{""knn"": 15, ""res"": 5.0}",True,139,0.0,0.0506,0.0506
d08,leiden,"{""knn"": 15, ""res"": 8.0}",True,173,0.0,0.0506,0.0506
d08,leiden,"{""knn"": 30, ""res"": 0.02}",True,15,0.0,0.0919,0.0919
d08,leiden,"{""knn"": 30, ""res"": 0.05}",True,19,0.0,0.0992,0.0992
d08,leiden,"{""knn"": 30, ""res"": 0.1}",True,22,0.0,0.1034,0.1034
d08,leiden,"{""knn"": 30, ""res"": 0.2}",True,27,0.0,0.1033,0.1033
d08,leiden,"{""knn"": 30, ""res"": 0.4}",True,36,0.0,0.1031,0.1031
d08,leiden,"{""knn"": 30, ""res"": 0.8}",True,47,0.0,0.1046,0.1046
d08,leiden,"{""knn"": 30, ""res"": 1.5}",True,59,0.0,0.1064,0.1064
d08,leiden,"{""knn"": 30, ""res"": 3.0}",True,81,0.0,0.1056,0.1056
d08,leiden,"{""knn"": 30, ""res"": 5.0}",True,110,0.0,0.0379,0.0379
d08,leiden,"{""knn"": 30, ""res"": 8.0}",True,128,0.0,0.0489,0.0489
d08,agglo,"{""link"": ""average"", ""nc"": 75}",True,75,0.0,-0.0377,-0.0377
d08,agglo,"{""link"": ""average"", ""nc"": 150}",True,150,0.0,-0.1069,-0.1069
d08,agglo,"{""link"": ""average"", ""nc"": 225}",True,225,0.0,-0.1268,-0.1268
d08,agglo,"{""link"": ""average"", ""nc"": 300}",True,300,0.0,-0.1319,-0.1319
d08,agglo,"{""link"": ""ward"", ""nc"": 75}",True,75,0.0,0.0282,0.0282
d08,agglo,"{""link"": ""ward"", ""nc"": 150}",True,150,0.0,0.032,0.032
d08,agglo,"{""link"": ""ward"", ""nc"": 225}",True,225,0.0,0.059,0.059
d08,agglo,"{""link"": ""ward"", ""nc"": 300}",True,300,0.0,0.0587,0.0587
d11,hdbscan,"{""mcs"": 8, ""ms"": 5}",True,305,0.3311,0.2007,0.1343
d11,hdbscan,"{""mcs"": 8, ""ms"": 8}",True,244,0.3581,0.2089,0.1341
d11,hdbscan,"{""mcs"": 8, ""ms"": 15}",True,167,0.3722,0.206,0.1293
d11,hdbscan,"{""mcs"": 11, ""ms"": 5}",True,249,0.326,0.2005,0.1351
d11,hdbscan,"{""mcs"": 11, ""ms"": 8}",True,222,0.3527,0.2081,0.1347
d11,hdbscan,"{""mcs"": 11, ""ms"": 15}",True,153,0.3675,0.2044,0.1293
d11,hdbscan,"{""mcs"": 15, ""ms"": 5}",True,191,0.3254,0.1926,0.1299
d11,hdbscan,"{""mcs"": 15, ""ms"": 8}",True,175,0.3464,0.201,0.1314
d11,hdbscan,"{""mcs"": 15, ""ms"": 15}",True,144,0.359,0.2009,0.1288
d11,hdbscan,"{""mcs"": 20, ""ms"": 5}",True,156,0.3324,0.1941,0.1296
d11,hdbscan,"{""mcs"": 20, ""ms"": 8}",True,149,0.3509,0.203,0.1318
d11,hdbscan,"{""mcs"": 20, ""ms"": 15}",True,130,0.353,0.2011,0.1301
d11,hdbscan,"{""mcs"": 30, ""ms"": 5}",True,116,0.332,0.1805,0.1206
d11,hdbscan,"{""mcs"": 30, ""ms"": 8}",True,110,0.3344,0.1885,0.1255
d11,hdbscan,"{""mcs"": 30, ""ms"": 15}",True,97,0.3529,0.1946,0.126
d11,dbscan,"{""eps"": 0.1, ""ms"": 10}",False,190,0.5806,nan,nan
d11,dbscan,"{""eps"": 0.1, ""ms"": 25}",False,53,0.7994,nan,nan
d11,dbscan,"{""eps"": 0.15, ""ms"": 10}",True,179,0.3393,0.1425,0.0941
d11,dbscan,"{""eps"": 0.15, ""ms"": 25}",False,84,0.5967,nan,nan
d11,dbscan,"{""eps"": 0.2, ""ms"": 10}",True,119,0.2055,0.1166,0.0926
d11,dbscan,"{""eps"": 0.2, ""ms"": 25}",True,104,0.3856,0.1712,0.1052
d11,dbscan,"{""eps"": 0.25, ""ms"": 10}",True,79,0.1098,0.0585,0.052
d11,dbscan,"{""eps"": 0.25, ""ms"": 25}",True,73,0.2599,0.137,0.1014
d11,dbscan,"{""eps"": 0.35, ""ms"": 10}",True,33,0.0353,0.0427,0.0412
d11,dbscan,"{""eps"": 0.35, ""ms"": 25}",True,36,0.0947,0.0748,0.0677
d11,dbscan,"{""eps"": 0.5, ""ms"": 10}",True,22,0.0112,0.0615,0.0608
d11,dbscan,"{""eps"": 0.5, ""ms"": 25}",True,20,0.0214,0.0692,0.0677
d11,leiden,"{""knn"": 15, ""res"": 0.02}",True,25,0.0,0.0931,0.0931
d11,leiden,"{""knn"": 15, ""res"": 0.05}",True,29,0.0,0.0977,0.0977
d11,leiden,"{""knn"": 15, ""res"": 0.1}",True,34,0.0,0.108,0.108
d11,leiden,"{""knn"": 15, ""res"": 0.2}",True,38,0.0,0.1034,0.1034
d11,leiden,"{""knn"": 15, ""res"": 0.4}",True,51,0.0,0.1086,0.1086
d11,leiden,"{""knn"": 15, ""res"": 0.8}",True,66,0.0,0.1097,0.1097
d11,leiden,"{""knn"": 15, ""res"": 1.5}",True,81,0.0,0.1124,0.1124
d11,leiden,"{""knn"": 15, ""res"": 3.0}",True,116,0.0,0.1112,0.1112
d11,leiden,"{""knn"": 15, ""res"": 5.0}",True,144,0.0,0.0568,0.0568
d11,leiden,"{""knn"": 15, ""res"": 8.0}",True,173,0.0,0.069,0.069
d11,leiden,"{""knn"": 30, ""res"": 0.02}",True,19,0.0,0.0952,0.0952
d11,leiden,"{""knn"": 30, ""res"": 0.05}",True,21,0.0,0.1078,0.1078
d11,leiden,"{""knn"": 30, ""res"": 0.1}",True,24,0.0,0.1101,0.1101
d11,leiden,"{""knn"": 30, ""res"": 0.2}",True,28,0.0,0.106,0.106
d11,leiden,"{""knn"": 30, ""res"": 0.4}",True,32,0.0,0.1094,0.1094
d11,leiden,"{""knn"": 30, ""res"": 0.8}",True,43,0.0,0.1105,0.1105
d11,leiden,"{""knn"": 30, ""res"": 1.5}",True,62,0.0,0.1095,0.1095
d11,leiden,"{""knn"": 30, ""res"": 3.0}",True,84,0.0,0.1074,0.1074
d11,leiden,"{""knn"": 30, ""res"": 5.0}",True,104,0.0,0.1076,0.1076
d11,leiden,"{""knn"": 30, ""res"": 8.0}",True,132,0.0,0.0521,0.0521
d11,agglo,"{""link"": ""average"", ""nc"": 75}",True,75,0.0,-0.0183,-0.0183
d11,agglo,"{""link"": ""average"", ""nc"": 150}",True,150,0.0,-0.0892,-0.0892
d11,agglo,"{""link"": ""average"", ""nc"": 225}",True,225,0.0,-0.1242,-0.1242
d11,agglo,"{""link"": ""average"", ""nc"": 300}",True,300,0.0,-0.1313,-0.1313
d11,agglo,"{""link"": ""ward"", ""nc"": 75}",True,75,0.0,0.116,0.116
d11,agglo,"{""link"": ""ward"", ""nc"": 150}",True,150,0.0,0.029,0.029
d11,agglo,"{""link"": ""ward"", ""nc"": 225}",True,225,0.0,0.034,0.034
d11,agglo,"{""link"": ""ward"", ""nc"": 300}",True,300,0.0,0.0496,0.0496
d16,hdbscan,"{""mcs"": 8, ""ms"": 5}",True,301,0.3211,0.195,0.1324
d16,hdbscan,"{""mcs"": 8, ""ms"": 8}",True,238,0.3382,0.198,0.131
d16,hdbscan,"{""mcs"": 8, ""ms"": 15}",True,176,0.3988,0.215,0.1292
d16,hdbscan,"{""mcs"": 11, ""ms"": 5}",True,241,0.3153,0.1903,0.1303
d16,hdbscan,"{""mcs"": 11, ""ms"": 8}",True,212,0.3399,0.2004,0.1323
d16,hdbscan,"{""mcs"": 11, ""ms"": 15}",True,168,0.3941,0.2135,0.1293
d16,hdbscan,"{""mcs"": 15, ""ms"": 5}",True,197,0.32,0.1912,0.13
d16,hdbscan,"{""mcs"": 15, ""ms"": 8}",True,184,0.3439,0.1982,0.13
d16,hdbscan,"{""mcs"": 15, ""ms"": 15}",True,157,0.3903,0.2109,0.1286
d16,hdbscan,"{""mcs"": 20, ""ms"": 5}",True,163,0.3308,0.1935,0.1295
d16,hdbscan,"{""mcs"": 20, ""ms"": 8}",True,153,0.353,0.1994,0.129
d16,hdbscan,"{""mcs"": 20, ""ms"": 15}",True,130,0.3627,0.2036,0.1297
d16,hdbscan,"{""mcs"": 30, ""ms"": 5}",True,114,0.3302,0.1872,0.1254
d16,hdbscan,"{""mcs"": 30, ""ms"": 8}",True,98,0.3348,0.1852,0.1232
d16,hdbscan,"{""mcs"": 30, ""ms"": 15}",True,96,0.3768,0.2027,0.1263
d16,dbscan,"{""eps"": 0.1, ""ms"": 10}",False,199,0.5787,nan,nan
d16,dbscan,"{""eps"": 0.1, ""ms"": 25}",False,55,0.8029,nan,nan
d16,dbscan,"{""eps"": 0.15, ""ms"": 10}",True,178,0.3397,0.152,0.1003
d16,dbscan,"{""eps"": 0.15, ""ms"": 25}",False,86,0.5938,nan,nan
d16,dbscan,"{""eps"": 0.2, ""ms"": 10}",True,126,0.2096,0.1112,0.0879
d16,dbscan,"{""eps"": 0.2, ""ms"": 25}",True,108,0.3885,0.1752,0.1071
d16,dbscan,"{""eps"": 0.25, ""ms"": 10}",True,78,0.1158,0.0735,0.065
d16,dbscan,"{""eps"": 0.25, ""ms"": 25}",True,78,0.2624,0.142,0.1048
d16,dbscan,"{""eps"": 0.35, ""ms"": 10}",True,34,0.0372,0.0394,0.0379
d16,dbscan,"{""eps"": 0.35, ""ms"": 25}",True,42,0.0973,0.0788,0.0711
d16,dbscan,"{""eps"": 0.5, ""ms"": 10}",True,22,0.0147,0.0594,0.0585
d16,dbscan,"{""eps"": 0.5, ""ms"": 25}",True,21,0.0267,0.0675,0.0657
d16,leiden,"{""knn"": 15, ""res"": 0.02}",True,26,0.0,0.0835,0.0835
d16,leiden,"{""knn"": 15, ""res"": 0.05}",True,28,0.0,0.1005,0.1005
d16,leiden,"{""knn"": 15, ""res"": 0.1}",True,35,0.0,0.1091,0.1091
d16,leiden,"{""knn"": 15, ""res"": 0.2}",True,42,0.0,0.1039,0.1039
d16,leiden,"{""knn"": 15, ""res"": 0.4}",True,49,0.0,0.1084,0.1084
d16,leiden,"{""knn"": 15, ""res"": 0.8}",True,63,0.0,0.1124,0.1124
d16,leiden,"{""knn"": 15, ""res"": 1.5}",True,85,0.0,0.1089,0.1089
d16,leiden,"{""knn"": 15, ""res"": 3.0}",True,113,0.0,0.1132,0.1132
d16,leiden,"{""knn"": 15, ""res"": 5.0}",True,144,0.0,0.0683,0.0683
d16,leiden,"{""knn"": 15, ""res"": 8.0}",True,173,0.0,0.0556,0.0556
d16,leiden,"{""knn"": 30, ""res"": 0.02}",True,18,0.0,0.0974,0.0974
d16,leiden,"{""knn"": 30, ""res"": 0.05}",True,19,0.0,0.1013,0.1013
d16,leiden,"{""knn"": 30, ""res"": 0.1}",True,23,0.0,0.1086,0.1086
d16,leiden,"{""knn"": 30, ""res"": 0.2}",True,30,0.0,0.1054,0.1054
d16,leiden,"{""knn"": 30, ""res"": 0.4}",True,36,0.0,0.1074,0.1074
d16,leiden,"{""knn"": 30, ""res"": 0.8}",True,45,0.0,0.1076,0.1076
d16,leiden,"{""knn"": 30, ""res"": 1.5}",True,58,0.0,0.1115,0.1115
d16,leiden,"{""knn"": 30, ""res"": 3.0}",True,82,0.0,0.1078,0.1078
d16,leiden,"{""knn"": 30, ""res"": 5.0}",True,105,0.0,0.0585,0.0585
d16,leiden,"{""knn"": 30, ""res"": 8.0}",True,131,0.0,0.0526,0.0526
d16,agglo,"{""link"": ""average"", ""nc"": 75}",True,75,0.0,-0.0372,-0.0372
d16,agglo,"{""link"": ""average"", ""nc"": 150}",True,150,0.0,-0.0499,-0.0499
d16,agglo,"{""link"": ""average"", ""nc"": 225}",True,225,0.0,-0.1243,-0.1243
d16,agglo,"{""link"": ""average"", ""nc"": 300}",True,300,0.0,-0.1239,-0.1239
d16,agglo,"{""link"": ""ward"", ""nc"": 75}",True,75,0.0,0.1161,0.1161
d16,agglo,"{""link"": ""ward"", ""nc"": 150}",True,150,0.0,0.0292,0.0292
d16,agglo,"{""link"": ""ward"", ""nc"": 225}",True,225,0.0,0.0333,0.0333
d16,agglo,"{""link"": ""ward"", ""nc"": 300}",True,300,0.0,0.0174,0.0174
