run_id,seed,secs,d,n_neighbors,min_dist,min_cluster_size,min_samples,accepted,n_clusters,noise_ratio,silhouette,adjusted
0,42,2.9,10,32,0.05884753123079231,14,16,True,165,0.3431,0.2017,0.1325
0,1337,1.9,10,32,0.05884753123079231,14,16,True,173,0.3641,0.2091,0.133
0,2026,2.0,10,32,0.05884753123079231,14,16,True,164,0.3468,0.1992,0.1301
1,42,2.1,19,23,0.22186652717490493,30,6,True,115,0.3321,0.1827,0.122
1,1337,2.1,19,23,0.22186652717490493,30,6,True,125,0.3328,0.1858,0.1239
1,2026,2.1,19,23,0.22186652717490493,30,6,True,120,0.3536,0.1931,0.1248
2,42,1.9,12,18,0.22812765344981525,26,14,True,124,0.3824,0.2041,0.126
2,1337,2.0,12,18,0.22812765344981525,26,14,True,123,0.3779,0.2036,0.1267
2,2026,2.0,12,18,0.22812765344981525,26,14,True,120,0.3645,0.2,0.1271
3,42,2.1,19,17,0.10410588373710533,17,22,True,141,0.3794,0.2091,0.1297
3,1337,2.2,19,17,0.10410588373710533,17,22,True,133,0.364,0.2008,0.1277
3,2026,2.0,19,17,0.10410588373710533,17,22,True,136,0.3744,0.2029,0.127
4,42,2.1,6,51,0.0549587547254007,33,10,True,91,0.3252,0.1793,0.121
4,1337,2.0,6,51,0.0549587547254007,33,10,True,83,0.3023,0.1754,0.1224
4,2026,1.9,6,51,0.0549587547254007,33,10,True,88,0.3371,0.1835,0.1216
5,42,2.1,9,56,0.07683901972950774,35,20,True,82,0.3641,0.1975,0.1256
5,1337,1.9,9,56,0.07683901972950774,35,20,True,80,0.3774,0.1987,0.1237
5,2026,2.0,9,56,0.07683901972950774,35,20,True,81,0.3622,0.1941,0.1238
6,42,2.0,13,57,0.12051664772343602,31,24,True,79,0.3964,0.2065,0.1247
6,1337,2.1,13,57,0.12051664772343602,31,24,True,76,0.3578,0.1854,0.1191
6,2026,1.8,13,57,0.12051664772343602,31,24,False,84,0.4129,nan,nan
7,42,2.0,14,26,0.06710860962592496,16,16,True,176,0.3491,0.1998,0.13
7,1337,2.1,14,26,0.06710860962592496,16,16,True,176,0.3507,0.2049,0.133
7,2026,2.0,14,26,0.06710860962592496,16,16,True,172,0.3532,0.2063,0.1334
8,42,1.9,5,41,0.1099126965653479,33,9,True,105,0.3445,0.1888,0.1237
8,1337,2.4,5,41,0.1099126965653479,33,9,True,95,0.34,0.1839,0.1214
8,2026,1.9,5,41,0.1099126965653479,33,9,True,99,0.3513,0.1929,0.1251
9,42,2.5,12,21,0.13317811324903187,18,18,True,145,0.3713,0.2046,0.1287
9,1337,3.8,12,21,0.13317811324903187,18,18,True,145,0.3593,0.2004,0.1284
9,2026,2.0,12,21,0.13317811324903187,18,18,True,143,0.3647,0.2019,0.1283
10,42,1.8,4,55,0.040218312586893526,11,12,True,166,0.3524,0.2012,0.1303
10,1337,2.1,4,55,0.040218312586893526,11,12,True,167,0.3241,0.1901,0.1285
10,2026,2.2,4,55,0.040218312586893526,11,12,True,166,0.3435,0.1971,0.1294
11,42,2.0,9,47,0.23478263230317167,38,25,False,69,0.4492,nan,nan
11,1337,2.0,9,47,0.23478263230317167,38,25,False,67,0.4279,nan,nan
11,2026,2.4,9,47,0.23478263230317167,38,25,False,68,0.4234,nan,nan
12,42,2.5,11,45,0.09314352907211475,11,8,True,224,0.3689,0.215,0.1357
12,1337,3.3,11,45,0.09314352907211475,11,8,True,214,0.3651,0.2133,0.1354
12,2026,2.6,11,45,0.09314352907211475,11,8,True,213,0.3502,0.2027,0.1317
13,42,1.9,9,48,0.10800678723141367,32,25,False,79,0.4022,nan,nan
13,1337,1.9,9,48,0.10800678723141367,32,25,False,83,0.4094,nan,nan
13,2026,1.9,9,48,0.10800678723141367,32,25,False,86,0.4049,nan,nan
14,42,2.2,14,19,0.03316833947597257,29,17,True,120,0.3076,0.1791,0.124
14,1337,2.7,14,19,0.03316833947597257,29,17,True,118,0.2916,0.1724,0.1221
14,2026,2.6,14,19,0.03316833947597257,29,17,True,119,0.3254,0.1818,0.1226
15,42,2.3,5,45,0.084298415988297,37,22,True,80,0.3795,0.1999,0.124
15,1337,2.4,5,45,0.084298415988297,37,22,True,78,0.354,0.1876,0.1212
15,2026,2.1,5,45,0.084298415988297,37,22,True,75,0.3578,0.194,0.1246
16,42,2.1,11,46,0.159443761543547,21,20,True,108,0.3898,0.2086,0.1273
16,1337,2.2,11,46,0.159443761543547,21,20,True,96,0.3613,0.1954,0.1248
16,2026,2.4,11,46,0.159443761543547,21,20,True,102,0.366,0.1946,0.1234
17,42,2.0,8,39,0.15228988354143644,30,11,True,97,0.3477,0.1879,0.1226
17,1337,1.9,8,39,0.15228988354143644,30,11,True,100,0.3744,0.1906,0.1192
17,2026,2.0,8,39,0.15228988354143644,30,11,True,97,0.366,0.1954,0.1239
18,42,2.2,16,52,0.20384042408979397,21,14,True,115,0.3874,0.2125,0.1302
18,1337,2.1,16,52,0.20384042408979397,21,14,False,120,0.4214,nan,nan
18,2026,1.9,16,52,0.20384042408979397,21,14,False,125,0.4076,nan,nan
19,42,2.0,10,43,0.13391847109084043,39,14,True,81,0.3781,0.1996,0.1242
19,1337,2.2,10,43,0.13391847109084043,39,14,True,77,0.3599,0.1885,0.1207
19,2026,2.1,10,43,0.13391847109084043,39,14,True,75,0.3644,0.1937,0.1231
20,42,1.9,6,16,0.0032176675843351844,39,19,True,94,0.3025,0.1678,0.117
20,1337,2.1,6,16,0.0032176675843351844,39,19,True,99,0.3295,0.1799,0.1206
20,2026,2.0,6,16,0.0032176675843351844,39,19,True,93,0.3118,0.1729,0.119
21,42,2.2,15,36,0.008635333061682,13,22,True,135,0.3618,0.2033,0.1297
21,1337,2.4,15,36,0.008635333061682,13,22,True,136,0.349,0.1969,0.1282
21,2026,2.2,15,36,0.008635333061682,13,22,True,131,0.3507,0.2004,0.1301
22,42,2.1,16,25,0.07225545328120456,28,22,True,109,0.3606,0.1938,0.1239
22,1337,2.5,16,25,0.07225545328120456,28,22,True,107,0.3385,0.1864,0.1233
22,2026,2.2,16,25,0.07225545328120456,28,22,True,114,0.3714,0.1983,0.1247
23,42,2.5,18,27,0.1940347633646367,38,16,True,77,0.3874,0.1984,0.1215
23,1337,2.6,18,27,0.1940347633646367,38,16,True,79,0.3668,0.1951,0.1235
23,2026,3.5,18,27,0.1940347633646367,38,16,True,82,0.3722,0.1932,0.1213
24,42,3.4,14,49,0.12203345061912027,24,21,True,106,0.396,0.209,0.1263
24,1337,3.0,14,49,0.12203345061912027,24,21,True,96,0.3816,0.2032,0.1257
24,2026,3.0,14,49,0.12203345061912027,24,21,False,105,0.4151,nan,nan
25,42,2.0,7,32,0.034850374058121886,35,18,True,99,0.3556,0.1918,0.1236
25,1337,2.2,7,32,0.034850374058121886,35,18,True,95,0.356,0.195,0.1256
25,2026,2.4,7,32,0.034850374058121886,35,18,True,102,0.3637,0.198,0.126
26,42,1.8,6,36,0.051635850790675,14,23,True,128,0.3872,0.2068,0.1267
26,1337,2.0,6,36,0.051635850790675,14,23,True,135,0.3891,0.2065,0.1262
26,2026,1.9,6,36,0.051635850790675,14,23,True,135,0.3943,0.2078,0.1259
27,42,2.2,17,30,0.15721192429150233,12,8,True,231,0.3557,0.2013,0.1297
27,1337,3.0,17,30,0.15721192429150233,12,8,True,229,0.3399,0.2041,0.1347
27,2026,2.2,17,30,0.15721192429150233,12,8,True,226,0.3358,0.2017,0.134
28,42,2.0,4,40,0.17174878391455492,10,17,False,145,0.4063,nan,nan
28,1337,1.8,4,40,0.17174878391455492,10,17,True,151,0.3946,0.2076,0.1257
28,2026,1.8,4,40,0.17174878391455492,10,17,False,148,0.4004,nan,nan
29,42,2.6,10,29,0.23824120073213167,34,15,True,85,0.3882,0.2023,0.1238
29,1337,2.2,10,29,0.23824120073213167,34,15,True,83,0.3829,0.2013,0.1242
29,2026,2.1,10,29,0.23824120073213167,34,15,True,83,0.3935,0.2064,0.1252
30,42,2.4,20,51,0.14227172606197147,36,9,True,87,0.3658,0.1933,0.1226
30,1337,2.3,20,51,0.14227172606197147,36,9,True,82,0.3531,0.1905,0.1232
30,2026,2.3,20,51,0.14227172606197147,36,9,True,81,0.3457,0.1847,0.1209
31,42,2.1,15,24,0.02592317248992583,36,8,True,106,0.2946,0.171,0.1207
31,1337,2.3,15,24,0.02592317248992583,36,8,True,100,0.294,0.1741,0.1229
31,2026,2.3,15,24,0.02592317248992583,36,8,True,104,0.2813,0.1711,0.123
32,42,1.9,7,33,0.09840636943599249,15,8,True,207,0.3148,0.192,0.1316
32,1337,2.3,7,33,0.09840636943599249,15,8,True,203,0.3341,0.1996,0.1329
32,2026,2.5,7,33,0.09840636943599249,15,8,True,200,0.3238,0.1956,0.1323
33,42,2.5,15,38,0.2499762966712882,12,16,False,147,0.4029,nan,nan
33,1337,2.2,15,38,0.2499762966712882,12,16,False,148,0.4271,nan,nan
33,2026,2.0,15,38,0.2499762966712882,12,16,False,148,0.4128,nan,nan
34,42,2.2,17,27,0.04525037194207656,37,10,True,101,0.3194,0.181,0.1232
34,1337,4.4,17,27,0.04525037194207656,37,10,True,101,0.307,0.1749,0.1212
34,2026,3.6,17,27,0.04525037194207656,37,10,True,100,0.3206,0.1811,0.123
35,42,3.3,18,42,0.12604982837565842,26,23,True,97,0.3696,0.196,0.1235
35,1337,2.6,18,42,0.12604982837565842,26,23,True,94,0.3798,0.2015,0.125
35,2026,2.4,18,42,0.12604982837565842,26,23,True,92,0.3435,0.1893,0.1243
36,42,2.4,14,16,0.16447206219381125,27,13,True,112,0.3249,0.1767,0.1193
36,1337,2.0,14,16,0.16447206219381125,27,13,True,121,0.3627,0.188,0.1198
36,2026,2.5,14,16,0.16447206219381125,27,13,True,111,0.3251,0.1813,0.1224
37,42,2.4,18,19,0.11412640173205188,27,13,True,125,0.3383,0.186,0.123
37,1337,2.3,18,19,0.11412640173205188,27,13,True,124,0.3422,0.1868,0.1229
37,2026,2.3,18,19,0.11412640173205188,27,13,True,126,0.3499,0.1971,0.1281
38,42,2.2,13,59,0.01606024008370545,24,12,True,118,0.3626,0.1975,0.1259
38,1337,2.3,13,59,0.01606024008370545,24,12,True,114,0.3423,0.1942,0.1277
38,2026,2.9,13,59,0.01606024008370545,24,12,True,117,0.345,0.1934,0.1267
39,42,2.5,11,44,0.2323788592104699,23,11,True,119,0.3949,0.2129,0.1288
39,1337,2.1,11,44,0.2323788592104699,23,11,True,117,0.3879,0.2048,0.1254
39,2026,2.0,11,44,0.2323788592104699,23,11,True,117,0.3796,0.203,0.126
40,42,2.0,12,37,0.16829318175833663,32,6,True,103,0.3357,0.1817,0.1207
40,1337,2.0,12,37,0.16829318175833663,32,6,True,107,0.3491,0.1878,0.1222
40,2026,2.2,12,37,0.16829318175833663,32,6,True,100,0.3299,0.1836,0.123
41,42,1.8,6,53,0.21640464160953912,22,13,False,117,0.4059,nan,nan
41,1337,1.7,6,53,0.21640464160953912,22,13,False,123,0.4269,nan,nan
41,2026,1.7,6,53,0.21640464160953912,22,13,False,116,0.4193,nan,nan
42,42,2.4,19,41,0.1757567027285271,25,17,True,108,0.3907,0.2089,0.1273
42,1337,3.8,19,41,0.1757567027285271,25,17,True,102,0.3692,0.2026,0.1278
42,2026,2.2,19,41,0.1757567027285271,25,17,True,100,0.3617,0.1905,0.1216
43,42,2.0,5,20,0.18554380113387517,20,7,True,170,0.3335,0.1909,0.1272
43,1337,3.4,5,20,0.18554380113387517,20,7,True,173,0.3085,0.1883,0.1302
43,2026,1.9,5,20,0.18554380113387517,20,7,True,172,0.3106,0.1859,0.1282
44,42,2.3,20,30,0.18098921066550014,31,12,True,103,0.3611,0.1959,0.1252
44,1337,2.3,20,30,0.18098921066550014,31,12,True,103,0.3712,0.1999,0.1257
44,2026,2.3,20,30,0.18098921066550014,31,12,True,109,0.3738,0.1988,0.1245
45,42,2.1,9,34,0.08189494026361138,13,5,True,247,0.2933,0.1908,0.1348
45,1337,2.0,9,34,0.08189494026361138,13,5,True,249,0.3134,0.1954,0.1341
45,2026,2.0,9,34,0.08189494026361138,13,5,True,239,0.3092,0.1931,0.1334
46,42,2.1,16,28,0.18889314109831576,19,6,True,172,0.3372,0.1966,0.1303
46,1337,2.3,16,28,0.18889314109831576,19,6,True,171,0.333,0.1967,0.1312
46,2026,2.2,16,28,0.18889314109831576,19,6,True,180,0.336,0.197,0.1308
47,42,1.9,6,22,0.1392529413732909,15,10,True,204,0.3331,0.2,0.1334
47,1337,1.9,6,22,0.1392529413732909,15,10,True,205,0.338,0.2003,0.1326
47,2026,1.9,6,22,0.1392529413732909,15,10,True,204,0.3308,0.2008,0.1344
48,42,2.5,18,57,0.004671799587529448,16,19,True,127,0.3645,0.201,0.1277
48,1337,2.4,18,57,0.004671799587529448,16,19,True,121,0.3469,0.1939,0.1266
48,2026,2.4,18,57,0.004671799587529448,16,19,True,126,0.3653,0.2056,0.1305
49,42,2.2,17,54,0.019516397634231925,20,23,True,110,0.3785,0.206,0.1281
49,1337,2.4,17,54,0.019516397634231925,20,23,True,107,0.3652,0.1993,0.1265
49,2026,2.2,17,54,0.019516397634231925,20,23,True,97,0.3324,0.1864,0.1244
50,42,1.7,7,39,0.20642055914430477,29,15,False,95,0.4108,nan,nan
50,1337,2.0,7,39,0.20642055914430477,29,15,True,96,0.3975,0.2045,0.1232
50,2026,2.2,7,39,0.20642055914430477,29,15,True,90,0.3872,0.2033,0.1246
51,42,2.3,15,31,0.24422784783582815,22,15,True,120,0.383,0.2067,0.1275
51,1337,2.2,15,31,0.24422784783582815,22,15,True,127,0.3956,0.2135,0.129
51,2026,2.4,15,31,0.24422784783582815,22,15,True,115,0.3815,0.2057,0.1272
52,42,2.0,11,35,0.2174336502608103,40,10,True,80,0.3711,0.1935,0.1217
52,1337,2.1,11,35,0.2174336502608103,40,10,True,76,0.3367,0.1834,0.1217
52,2026,2.2,11,35,0.2174336502608103,40,10,True,83,0.3893,0.1955,0.1194
53,42,2.2,8,60,0.21086533836191693,19,6,True,148,0.3882,0.2103,0.1286
53,1337,2.0,8,60,0.21086533836191693,19,6,True,146,0.3777,0.2097,0.1305
53,2026,2.0,8,60,0.21086533836191693,19,6,True,153,0.3858,0.21,0.129
54,42,2.1,13,49,0.022376334778999134,18,18,True,123,0.3403,0.1948,0.1285
54,1337,2.9,13,49,0.022376334778999134,18,18,True,124,0.3262,0.1865,0.1256
54,2026,3.9,13,49,0.022376334778999134,18,18,True,130,0.3682,0.201,0.127
55,42,2.6,10,58,0.047087735483850056,28,20,True,92,0.3638,0.2008,0.1278
55,1337,2.6,10,58,0.047087735483850056,28,20,True,90,0.3723,0.2049,0.1286
55,2026,3.8,10,58,0.047087735483850056,28,20,True,90,0.3601,0.2005,0.1283
56,42,4.9,16,24,0.1997937072449171,23,7,True,142,0.3319,0.1909,0.1275
56,1337,6.5,16,24,0.1997937072449171,23,7,True,148,0.3315,0.1933,0.1292
56,2026,3.4,16,24,0.1997937072449171,23,7,True,152,0.3414,0.1934,0.1274
57,42,4.1,7,50,0.14759516662624098,17,19,False,126,0.4079,nan,nan
57,1337,4.2,7,50,0.14759516662624098,17,19,False,131,0.4242,nan,nan
57,2026,1.9,7,50,0.14759516662624098,17,19,False,124,0.4006,nan,nan
58,42,3.9,8,53,0.08972871008191344,25,21,False,102,0.4098,nan,nan
58,1337,5.4,8,53,0.08972871008191344,25,21,True,97,0.3964,0.2123,0.1281
58,2026,5.3,8,53,0.08972871008191344,25,21,True,100,0.3988,0.2107,0.1267
59,42,8.0,17,22,0.06263138335769733,34,24,True,91,0.3517,0.1902,0.1233
59,1337,5.6,17,22,0.06263138335769733,34,24,True,97,0.3689,0.193,0.1218
59,2026,4.4,17,22,0.06263138335769733,34,24,True,94,0.3741,0.1941,0.1215
