d,eps,accepted,n_clusters,noise_ratio,silhouette,adjusted
4,0.2,True,135,0.2425,0.1447,0.1096
4,0.35,True,41,0.0418,0.0432,0.0414
4,0.5,True,26,0.0088,0.0687,0.0681
4,0.65,True,20,0.0043,0.0716,0.0713
4,0.8,True,17,0.0031,0.0685,0.0683
4,1.0,True,15,0.0023,0.0704,0.0702
4,1.2,True,15,0.0016,0.0711,0.071
8,0.2,True,139,0.2794,0.1467,0.1057
8,0.35,True,45,0.0531,0.0442,0.0418
8,0.5,True,23,0.012,0.0594,0.0587
8,0.65,True,22,0.0061,0.0582,0.0578
8,0.8,True,19,0.0037,0.0694,0.0691
8,1.0,True,18,0.0027,0.0718,0.0716
8,1.2,True,18,0.002,0.0724,0.0723
12,0.2,True,143,0.2886,0.1483,0.1055
12,0.35,True,43,0.0567,0.0486,0.0459
12,0.5,True,25,0.0116,0.0592,0.0585
12,0.65,True,22,0.0052,0.0594,0.0591
12,0.8,True,20,0.0028,0.0696,0.0694
12,1.0,True,18,0.0021,0.0722,0.0721
12,1.2,True,17,0.0016,0.0725,0.0724
16,0.2,True,136,0.2957,0.1367,0.0963
16,0.35,True,43,0.0588,0.0527,0.0496
16,0.5,True,26,0.0155,0.058,0.0571
16,0.65,True,22,0.0072,0.0576,0.0572
16,0.8,True,20,0.0048,0.0681,0.0678
16,1.0,True,18,0.0038,0.0709,0.0706
16,1.2,True,18,0.0031,0.0714,0.0712
