pt,dedup,min_cluster_size,min_samples,n_neighbors,n_rep,mean_adj,std_adj,sn_ratio,mean_clusters,mean_noise,ari_stability
0,0,5,5,24,5,0.1325,0.0032,-17.5629,464.8,0.3011,0.5395
1,0,5,5,60,5,0.1331,0.0016,-17.5189,364.8,0.3435,0.5355
2,0,5,15,24,5,0.1306,0.0013,-17.6835,212.0,0.3554,0.7134
4,0,19,5,24,5,0.128,0.0014,-17.8603,198.2,0.281,0.595
5,0,19,5,60,5,0.1292,0.0013,-17.7747,159.8,0.336,0.578
6,0,19,15,24,5,0.1294,0.0005,-17.7617,156.2,0.333,0.742
7,0,19,15,60,5,0.1283,0.0013,-17.8381,126.6,0.3831,0.7084
8,0,5,10,42,5,0.1329,0.0008,-17.5325,250.2,0.3729,0.6535
9,0,19,10,42,5,0.1294,0.0024,-17.7675,148.2,0.3374,0.6722
10,0,12,5,42,5,0.1332,0.0009,-17.5096,243.2,0.3168,0.6001
11,0,12,15,42,5,0.1318,0.0009,-17.6048,164.2,0.3762,0.7211
12,0,12,10,24,5,0.1349,0.0007,-17.3991,240.0,0.3295,0.6922
13,0,12,10,60,5,0.1325,0.0018,-17.5563,181.0,0.3717,0.6727
14,0,12,10,42,5,0.1336,0.0012,-17.4866,205.4,0.3614,0.6915
15,0,12,10,42,5,0.1336,0.0012,-17.4872,205.4,0.3614,0.6915
16,0,12,10,42,5,0.1336,0.0012,-17.4867,205.4,0.3614,0.6915
17,0,12,10,42,5,0.1336,0.0012,-17.4867,205.4,0.3614,0.6915
18,0,12,10,42,5,0.1336,0.0012,-17.4867,205.4,0.3614,0.6915
19,0,12,10,42,5,0.1336,0.0012,-17.4867,205.4,0.3614,0.6915
0,1,5,5,24,5,0.1124,0.0032,-18.998,453.8,0.2972,0.5124
1,1,5,5,60,5,0.1023,0.012,-19.9889,345.6,0.3412,0.5329
2,1,5,15,24,5,0.1078,0.0004,-19.3465,207.0,0.3584,0.7054
4,1,19,5,24,5,0.1065,0.002,-19.4592,195.4,0.2902,0.5954
5,1,19,5,60,5,0.0882,0.0096,-21.2234,149.8,0.3384,0.5904
6,1,19,15,24,5,0.1069,0.0006,-19.4237,148.4,0.329,0.7207
7,1,19,15,60,5,0.0859,0.0008,-21.3204,115.6,0.373,0.6966
8,1,5,10,42,5,0.1081,0.0007,-19.3247,235.0,0.3602,0.642
9,1,19,10,42,5,0.1083,0.0015,-19.3102,142.4,0.3453,0.6659
10,1,12,5,42,5,0.1111,0.0012,-19.0837,234.2,0.32,0.5821
11,1,12,15,42,4,0.1088,0.0011,-19.27,157.5,0.3809,0.6898
12,1,12,10,24,5,0.1113,0.0014,-19.0689,227.6,0.3205,0.6643
13,1,12,10,60,5,0.0982,0.0104,-20.2971,174.6,0.3716,0.6468
14,1,12,10,42,5,0.1022,0.0154,-20.2342,194.4,0.3618,0.6659
15,1,12,10,42,5,0.1022,0.0154,-20.2342,194.4,0.3618,0.6659
16,1,12,10,42,5,0.1022,0.0154,-20.2345,194.4,0.3618,0.6659
17,1,12,10,42,5,0.1022,0.0154,-20.2343,194.4,0.3618,0.6659
18,1,12,10,42,5,0.1022,0.0154,-20.2343,194.4,0.3618,0.6659
19,1,12,10,42,5,0.1022,0.0154,-20.2345,194.4,0.3618,0.6659
